/*
Navicat MySQL Data Transfer

Source Server         : localhost
Source Server Version : 50621
Source Host           : localhost:3306
Source Database       : teamwork

Target Server Type    : MYSQL
Target Server Version : 50621
File Encoding         : 65001

Date: 2017-08-30 14:52:47
*/

SET FOREIGN_KEY_CHECKS=0;

-- ----------------------------
-- Table structure for article
-- ----------------------------
DROP TABLE IF EXISTS `article`;
CREATE TABLE `article` (
  `id` varchar(64) NOT NULL DEFAULT '' COMMENT '主键',
  `title` varchar(128) DEFAULT NULL COMMENT '标题',
  `brief` varchar(512) CHARACTER SET utf8 COLLATE utf8_bin DEFAULT NULL COMMENT '摘要',
  `detail` text COMMENT '文章内容',
  `category` varchar(128) DEFAULT NULL COMMENT '分类',
  `access` varchar(32) DEFAULT NULL COMMENT '访问权限',
  `status` varchar(32) DEFAULT NULL COMMENT '状态：草稿、发布',
  `view_time` int(8) DEFAULT NULL COMMENT '阅读次数',
  `thumb_up_time` int(8) DEFAULT NULL COMMENT '点赞次数',
  `author_name` varchar(64) DEFAULT NULL COMMENT '创建者名称',
  `create_by` varchar(64) DEFAULT NULL COMMENT '创建者',
  `create_date` datetime DEFAULT NULL COMMENT '创建时间',
  `update_by` varchar(64) DEFAULT NULL COMMENT '更新者',
  `update_date` datetime DEFAULT NULL COMMENT '更新时间',
  `del_flag` varchar(64) DEFAULT NULL COMMENT '逻辑删除标记（0：显示；1：隐藏）',
  PRIMARY KEY (`id`),
  UNIQUE KEY `id` (`id`)
) ENGINE=InnoDB DEFAULT CHARSET=utf8 COMMENT='商品描述表';

-- ----------------------------
-- Records of article
-- ----------------------------
INSERT INTO `article` VALUES ('A17082919191844', '今生的爱情故事不会再改变。', '...针对字段类型为text等会默认产生XXXX  WithBlobs  的方..._CSDN博客        2016年8月17日&nbsp;-&nbsp;  Mybatis自动生成Xml文件,针对字段类型为text等会默认产生XXXX  WithBlobs  的方法问题 &nbsp;Javainging: 保存的时候不会报错吗?xml里面配的是varchar 数据库实...   ...', '<div class=\"result c-container \"><h3 class=\"t\"><a href=\"http://www.baidu.com/link?url=HJIhzDKBowzjygE8i34mr0kEpfzktISQnqHGMTeKa7aqwklLyHXawXbHT52Ij6hzsyqcatCLk8sZI-E_7Y-4IZzPquzOsFdWuy0neg6YqEy&wd=&eqid=a5b84905000041d80000000659a54bdb\" target=\"_blank\">...针对字段类型为text等会默认产生XXXX<em>WithBlobs</em>的方..._CSDN博客</a></h3><div class=\"c-abstract\"><span class=\" newTimeFactor_before_abs m\">2016年8月17日&nbsp;-&nbsp;</span>Mybatis自动生成Xml文件,针对字段类型为text等会默认产生XXXX<em>WithBlobs</em>的方法问题 &nbsp;Javainging: 保存的时候不会报错吗?xml里面配的是varchar 数据库实...</div><div class=\"f13\"><a class=\"c-showurl\" style=\"text-decoration: none;\" href=\"http://www.baidu.com/link?url=HJIhzDKBowzjygE8i34mr0kEpfzktISQnqHGMTeKa7aqwklLyHXawXbHT52Ij6hzsyqcatCLk8sZI-E_7Y-4IZzPquzOsFdWuy0neg6YqEy\" target=\"_blank\">blog.csdn.net/maoliang...&nbsp;</a><div class=\"c-tools\"><a class=\"c-tip-icon\"><em class=\"c-icon c-icon-triangle-down-g\"></em></a></div><span class=\"c-icons-outer\"><span class=\"c-icons-inner\"></span></span>&nbsp;-&nbsp;<a class=\"m\" href=\"http://cache.baiducontent.com/c?m=9d78d513d9861ae902fa950e5d488a365840c72362d88a5339968449e0794611193bb6ac2755414585996b6776f31e1af7af652f695873ebce9cdf11ddb9912b32db67722b4dd8160f854ee9981d7b803d975ae9ae1ae1bef1&p=8c769a4797855bff57ee957c515d8a&newp=8b2a975e898b00ee08e2977f0f4a9e231610db2151d7d51e6b82c825d7331b001c3bbfb423241703d7c17d650bae4c5ae1f43778340527a3dda5c91d9fb4c5747993787c315d&user=baidu&fm=sc&query=WithBLOBs&qid=a5b84905000041d8&p1=1\" target=\"_blank\">百度快照</a></div><div class=\"c-gap-top c-recommend\"><em class=\"c-icon c-icon-bear-circle c-gap-right-small\"></em><span class=\"c-gray\">为您推荐：</span><a title=\"mybatis withblobs\" href=\"https://www.baidu.com/s?tn=baidu&rsv_idx=1&wd=mybatis%20withblobs&rsv_crq=6&bs=WithBLOBs\" target=\"_blank\">mybatis withblobs</a><a title=\"mybatis blob\" class=\"c-gap-left-large\" href=\"https://www.baidu.com/s?tn=baidu&rsv_idx=1&wd=mybatis%20blob&rsv_crq=6&bs=WithBLOBs\" target=\"_blank\">mybatis blob</a><a title=\"mysql text\" class=\"c-gap-left-large\" href=\"https://www.baidu.com/s?tn=baidu&rsv_idx=1&wd=mysql%20text&rsv_crq=6&bs=WithBLOBs\" target=\"_blank\">mysql text</a><a title=\"mybatis generator\" class=\"c-gap-left-large\" href=\"https://www.baidu.com/s?tn=baidu&rsv_idx=1&wd=mybatis%20generator&rsv_crq=6&bs=WithBLOBs\" target=\"_blank\">mybatis generator</a></div></div><div class=\"result c-container \"><h3 class=\"t\"><a href=\"http://www.baidu.com/link?url=gTAZkQuwv0x4dVWgCBHJr4_RY7sHZhFjvCYht2lMKWeDxJn31k5dVDrf5AWKYuOBO6gVpEf7-lw3GGEBQKfShxYLisnnC6iuLYQJvtngK6K\" target=\"_blank\">mybatis generator为什么会生成<em>withblobs</em>_百度知道</a></h3><p class=\"f13 m\">2个回答 - 提问时间: 2014年12月29日</p><div class=\"c-abstract\"><em class=\"c-text c-text-info c-gap-icon-right-small\"><strong>[</strong>专业<strong>]</strong></em><span class=\"m\">答案:</span>1.设置mapper文件重复生成时覆盖旧的文件 将GeneratedXmlFile中isMergeable设置为false,实现方式:修改IntrospectedTableMyBatis3Impl.getGeneratedXmlFiles方...</div><div class=\"f13\"><a class=\"c-showurl\" style=\"text-decoration: none;\" href=\"http://www.baidu.com/link?url=gTAZkQuwv0x4dVWgCBHJr4_RY7sHZhFjvCYht2lMKWeDxJn31k5dVDrf5AWKYuOBO6gVpEf7-lw3GGEBQKfShxYLisnnC6iuLYQJvtngK6K\" target=\"_blank\">zhidao.baidu.com/link?...&nbsp;</a><div class=\"c-tools\"><a class=\"c-tip-icon\"><em class=\"c-icon c-icon-triangle-down-g\"></em></a></div><span class=\"c-icons-outer\"><span class=\"c-icons-inner\"></span></span></div><div class=\"c-offset\"><table class=\"subLink_factory subLink_factory_right\"><tbody><tr class=\"firstRow\"><td class=\"first c-default \"><a href=\"http://www.baidu.com/link?url=G-iiEuzPyjoLgWrU0zUurs_kq4CrxiSK3qaNdz7Fv0FN5Zxdgr_Lxd0Rotep1p4AIFngQ1dyHeK2E7UBUrvAq4B_c3Yt0RRGAxz4iSk9aUe\" target=\"_blank\">你知道t.java和t<em>WithBlobs</em>.java的区别吗?求解。</a></td><td class=\"middle c-default \">1个回答</td><td class=\"last c-default rightTd\">2017-01-11</td></tr><tr><td class=\"first c-default \"><a href=\"http://www.baidu.com/link?url=G-iiEuzPyjoLgWrU0zUurs_kq4CrxiSK3qaNdz7Fv0FN5Zxdgr_Lxd0Rotep1p4Az8iWTBvd1lMwpDidGGUJvlHqQhkK1I5WWZVZv4nSrX_\" target=\"_blank\">mybatis generator为什么会生成<em>withblobs</em></a></td><td class=\"middle c-default \">1个回答</td><td class=\"last c-default rightTd\">2015-10-03</td></tr></tbody></table><a class=\"c\" href=\"http://www.baidu.com/link?url=9i6diE8NdGOBH1QiQTO56taLchE9HVKsSmjIxIpxyvGJ10huQcY9SiQuqUj5tUzxJpyhsjxQyPgopdbm-3AjB6MEXOVMoIH8yo0u-bfRhQm\" target=\"_blank\">更多知道相关问题&gt;&gt;</a></div></div><div class=\"result c-container \"><h3 class=\"t\"><a href=\"http://www.baidu.com/link?url=384VPjiCaLvuAxv6aXki2Sj-0AVzqeMawbDieA_bYLHFk0EZN9n2CvoFzbGE8J0g1exdafRnGibRPdgEHJBOXSTygOpXH-HX8B7Q2DMMugO\" target=\"_blank\">mybatis generator为什么会生成<em>withblobs</em>_百度作业帮</a></h3><p class=\"f13 m\">1个回答 - 提问时间: 2015年05月11日</p><div class=\"c-abstract\"><span class=\"m\">最佳答案: </span>1.设置mapper文件重复生成时覆盖旧的文件将GeneratedXmlFile中isMergeable设置为false,实现方式:修改IntrospectedTableMyBatis3Impl.getGeneratedXmlFiles方法...</div><div class=\"f13\"><a class=\"c-showurl\" style=\"text-decoration: none;\" href=\"http://www.baidu.com/link?url=384VPjiCaLvuAxv6aXki2Sj-0AVzqeMawbDieA_bYLHFk0EZN9n2CvoFzbGE8J0g1exdafRnGibRPdgEHJBOXSTygOpXH-HX8B7Q2DMMugO\" target=\"_blank\">https://www.zybang.com/questio...&nbsp;</a><div class=\"c-tools\"><a class=\"c-tip-icon\"><em class=\"c-icon c-icon-triangle-down-g\"></em></a></div><span class=\"c-icons-outer\"><span class=\"c-vline\"></span><span class=\"c-trust-as vstar \"><a class=\"c-icon c-icon-v c-icon-v2\" href=\"https://www.baidu.com/s?wd=%E5%B0%8F%E8%88%B9%E5%87%BA%E6%B5%B7%E6%95%99%E8%82%B2%E7%A7%91%E6%8A%80%E5%8C%97%E4%BA%AC%E6%9C%89%E9%99%90%E5%85%AC%E5%8F%B8@v&vmp_ec=c25619edcebe15dfd1a6b7b94c9Ye5ebJdh6dy3bd7c2me4a2tue7a8Wc70X0XdfJs4338c9996759ed&vmp_ectm=1504001013&from=vs&product=v&rsv_dl=0_left_v_2\" target=\"_blank\"></a></span></span>&nbsp;-&nbsp;<a class=\"m\" href=\"http://cache.baiducontent.com/c?m=9d78d513d9861ae902fa950e5d488a365840c72362d88a533996d25f9217465c0223a6ac2755584f8396203216af3e0db7af2b31705461f1c095d4578db1992b7b8b7062771d8612138419aac8112f9273c60beaf94fb0eaf331c3fdc5d3a80e15950d&p=882a9642d0d233eb1fbe9b7c48058e&newp=c06fda138b934eac5febf82d02149823161cda386a848d0a3b8fd12592624f171c0ba7ec67634b598fca786106aa4a58e8fa367935052ab19ccf8b4ed6afd4456edf653b2740d02d&user=baidu&fm=sc&query=WithBLOBs&qid=a5b84905000041d8&p1=3\" target=\"_blank\">百度快照</a></div></div><div class=\"result c-container \"><h3 class=\"t\"><a href=\"http://www.baidu.com/link?url=OSClSzIrL7eAc4IjmtBSu41krMLHs2bb-kt7ZOEDzPmm0yGtdDbwPIigAW-BqVVc-fC2Phc0u8TlBa6vDfh3x5e2d1dFKcjSdQdjlMRHjDG\" target=\"_blank\">...针对字段类型为text等会默认产生XXXX<em>WithBlobs</em>的方..._CSDN博客</a></h3><div class=\"c-abstract\"><span class=\" newTimeFactor_before_abs m\">2016年11月30日&nbsp;-&nbsp;</span>Mybatis自动生成Xml文件,针对字段类型为text等会默认产生XXXX<em>WithBlobs</em>的方法问题 标签: mybatisxml 2016-11-30 10:38 810人阅读 评论(0) 收藏 举报 ...</div><div class=\"f13\"><a class=\"c-showurl\" style=\"text-decoration: none;\" href=\"http://www.baidu.com/link?url=OSClSzIrL7eAc4IjmtBSu41krMLHs2bb-kt7ZOEDzPmm0yGtdDbwPIigAW-BqVVc-fC2Phc0u8TlBa6vDfh3x5e2d1dFKcjSdQdjlMRHjDG\" target=\"_blank\">blog.csdn.net/sunshine...&nbsp;</a><div class=\"c-tools\"><a class=\"c-tip-icon\"><em class=\"c-icon c-icon-triangle-down-g\"></em></a></div><span class=\"c-icons-outer\"><span class=\"c-icons-inner\"></span></span>&nbsp;-&nbsp;<a class=\"m\" href=\"http://cache.baiducontent.com/c?m=9f65cb4a8c8507ed4fece7631046893b4c4380146d96864968d4e414c4224600003aa2e17c7e47548e8e6b6075f21441b9b07029665d77aacd9fce1986e5d33528892136771c844a069644ef9d49609a66ca4de8df49b9e7a073&p=882a9644d5d512a05aadc5314b5597&newp=8b2a9729cc9206ff57ee957d5f4b9d231610db2151d7d7156b82c825d7331b001c3bbfb423241703d2c1796002ab4256edf03679360021a3dda5c91d9fb4c57479e43d6537&user=baidu&fm=sc&query=WithBLOBs&qid=a5b84905000041d8&p1=4\" target=\"_blank\">百度快照</a></div></div><div class=\"result c-container \"><h3 class=\"t\"><a href=\"http://www.baidu.com/link?url=GM8sKIYT4aXwo_EWVjZfRh6VXD8whOyWQ33pSYc7jjbAFPrJf3MJLCcDp02CCf5nz6DXMwvt5s6bRBeUxQi27ZLv0X-fMuUwwl3Bt_ylhae\" target=\"_blank\">Mybatis步步进阶(六)——Mybatis Mapper代理和逆向工程..._CSDN博客</a></h3><div class=\"c-abstract\"><span class=\" newTimeFactor_before_abs m\">2016年7月3日&nbsp;-&nbsp;</span>id=&quot;ResultMap<em>WithBLOBs</em>&quot; type=&quot;cn.itcast.ssm.po.Items&quot; extends=&quot;BaseResultMap&quot; &gt; &lt;result column=&quot;detail&quot; property=&quot;detail&quot; jdbcType=&quot;LONGVARC...</div><div class=\"f13\"><a class=\"c-showurl\" style=\"text-decoration: none;\" href=\"http://www.baidu.com/link?url=GM8sKIYT4aXwo_EWVjZfRh6VXD8whOyWQ33pSYc7jjbAFPrJf3MJLCcDp02CCf5nz6DXMwvt5s6bRBeUxQi27ZLv0X-fMuUwwl3Bt_ylhae\" target=\"_blank\">blog.csdn.net/daybreak...&nbsp;</a><div class=\"c-tools\"><a class=\"c-tip-icon\"><em class=\"c-icon c-icon-triangle-down-g\"></em></a></div><span class=\"c-icons-outer\"><span class=\"c-icons-inner\"></span></span>&nbsp;-&nbsp;<a class=\"m\" href=\"http://cache.baiducontent.com/c?m=9d78d513d9861ae902fa950e5d488a365840c72362d88a5339968449e0794611193bb6ac2755414585996b6776f31e1af7a66539674377e4c2cb8848d6a6c16869d3766a2701d016548042f18a5b22c22a935ce8a819&p=8765c415d9c041ac44a5de2d0214c1&newp=8e6c8315d9c041ac09be9b7c1747bb231610db2151d6d301298ffe0cc4241a1a1a3aecbf21251405d8c77b6100a5485bebfb3c71310434f1f689df08d2ecce7e7e&user=baidu&fm=sc&query=WithBLOBs&qid=a5b84905000041d8&p1=5\" target=\"_blank\">百度快照</a></div></div><div class=\"result c-container \"><h3 class=\"t\"><a href=\"http://www.baidu.com/link?url=_sbCdMHyHmUFwVxkAKHcKwNl96fAkeoKgQh035Kl2tC1rKn7OI0_pDBTDWrlRB6VqTTLYHKq2LNtIKCLS9cz1q\" target=\"_blank\">...文件,针对字段类型为text等会默认产生XXXX<em>WithBlobs</em>的..._博客园</a></h3><div class=\"c-abstract\"><span class=\" newTimeFactor_before_abs m\">2017年7月26日&nbsp;-&nbsp;</span>Mybatis自动生成Xml文件,针对字段类型为text等会默认产生XXXX<em>WithBlobs</em>的方法问题 默认情况下产生的Mapper.xml里面存在: 需要修改generatorConfigurat...</div></div><p><br/></p>', 'DS3000,C&C++,IOS', 'private', 'draft', '0', '0', '丁庆发', 'dingqingfa@star-net.cn', '2017-08-29 19:19:18', 'dingqingfa@star-net.cn', '2017-08-29 19:19:18', '0');
INSERT INTO `article` VALUES ('A17082919241926', '一朵云多少思念的寄托。', 'HTML文章  中截取  摘要  的问题 - u014625500的专栏 - CSDN博客        2014年5月28日&nbsp;-&nbsp;    HTML  (5) 作者同类  文章  X 博客系统通常的做法是,在博客的首页只显示  文章  的  摘要  ,点击标题进入以后查看全文。显示哪一部分作为  摘要  是个比较特殊的问题,不...      blog.csdn.net/u0146255...&nbsp;                      &nbsp;-&nbsp;  百度快照                  HTML  _  论文  _百度文库 ...', '<div class=\"result c-container \"><h3 class=\"t\"><a href=\"http://www.baidu.com/link?url=JDfX3x4Joq-grVQBlVGgDJY0bmWqBqv7CcooiQZlh9oZZx0K6OoNSyV6LKJqZ7FkFgV0j4ypkSzmENhOZeUhp3lzETw8BKRLaxTrGk2eJkC&wd=&eqid=d14f1a100001da4e0000000659a537c5\" target=\"_blank\"><em>HTML文章</em>中截取<em>摘要</em>的问题 - u014625500的专栏 - CSDN博客</a></h3><div class=\"c-abstract\"><span class=\" newTimeFactor_before_abs m\">2014年5月28日&nbsp;-&nbsp;</span><em>HTML</em>(5) 作者同类<em>文章</em>X 博客系统通常的做法是,在博客的首页只显示<em>文章</em>的<em>摘要</em>,点击标题进入以后查看全文。显示哪一部分作为<em>摘要</em>是个比较特殊的问题,不...</div><div class=\"f13\"><a class=\"c-showurl\" style=\"text-decoration: none;\" href=\"http://www.baidu.com/link?url=JDfX3x4Joq-grVQBlVGgDJY0bmWqBqv7CcooiQZlh9oZZx0K6OoNSyV6LKJqZ7FkFgV0j4ypkSzmENhOZeUhp3lzETw8BKRLaxTrGk2eJkC\" target=\"_blank\">blog.csdn.net/u0146255...&nbsp;</a><div class=\"c-tools\"><a class=\"c-tip-icon\"><em class=\"c-icon c-icon-triangle-down-g\"></em></a></div><span class=\"c-icons-outer\"><span class=\"c-icons-inner\"></span></span>&nbsp;-&nbsp;<a class=\"m\" href=\"http://cache.baiducontent.com/c?m=9d78d513d99907f006fa940f1a67a071685297153bc0a11568d4e25fe5634c32347195bb30516310948522685be90f1efdf1456f2a537eeacedf883d8cfac47438885068275a9b0610d01fabcb4122c3228d09a9e942b6e4a72fc5f99480840a12d753007b80f4805901&p=9f64c64ad4934eac58edc126574e92&newp=c4769a4786cc42af58b1db23615d9d231610db2151d4d51e6b82c825d7331b001c3bbfb423241701d7c07e6705ae4c5ee8fb3379320021a3dda5c91d9fb4c57479&user=baidu&fm=sc&query=html+%CE%C4%D5%C2+%D5%AA%D2%AA&qid=d14f1a100001da4e&p1=1\" target=\"_blank\">百度快照</a></div></div><div class=\"result c-container \"><h3 class=\"t\"><span class=\"c-icon c-icon-pdf c-gap-icon-right-small\"></span><a href=\"http://www.baidu.com/link?url=IE_HVjZEhkbxLd_u1Sixhkv0VO6aRpIIfpwx4qeNLL-_oJP00fyvLqag7gcPZr83J9pS-vDo1gT8RT8jiBygTmx8tnMjDvGCFnpAqUn9XQy\" target=\"_blank\"><em>HTML</em>_<em>论文</em>_百度文库</a></h3><div class=\"c-abstract\"><span class=\" newTimeFactor_before_abs m\">2016年5月16日&nbsp;-&nbsp;</span>( 湖南师大附中高 三, 湖南长沙 410006) 【<em>摘要</em>】 <em>HTML</em> 诞生到现在 已经有几...<em>文章</em>主要针对<em>HTML</em>网页发展的可 用性 进行探析。 【 关键 词】 HTM; 网...</div><div class=\"f13\"><a class=\"c-showurl\" style=\"text-decoration: none;\" href=\"http://www.baidu.com/link?url=IE_HVjZEhkbxLd_u1Sixhkv0VO6aRpIIfpwx4qeNLL-_oJP00fyvLqag7gcPZr83J9pS-vDo1gT8RT8jiBygTmx8tnMjDvGCFnpAqUn9XQy\" target=\"_blank\">https://wenku.baidu.com/view/e...&nbsp;</a><div class=\"c-tools\"><a class=\"c-tip-icon\"><em class=\"c-icon c-icon-triangle-down-g\"></em></a></div><span class=\"c-icons-outer\"><span class=\"c-vline\"></span><span class=\"c-trust-as vstar \"><a class=\"c-icon c-icon-v c-icon-v3\" href=\"https://www.baidu.com/s?wd=%E5%8C%97%E4%BA%AC%E7%99%BE%E5%BA%A6%E7%BD%91%E8%AE%AF%E7%A7%91%E6%8A%80%E6%9C%89%E9%99%90%E5%85%AC%E5%8F%B8@v&vmp_ec=028661559ee13c76f0736214e8ed332m=d=b9atm5266351WN6mv31Q01LaLRdh3J5Xcld27bXs17J51978a6989&vmp_ectm=1503634548&from=vs&product=v&rsv_dl=0_left_v_3\" target=\"_blank\"></a></span></span>&nbsp;-&nbsp;<a class=\"m\" href=\"http://cache.baiducontent.com/c?m=9f65cb4a8c8507ed19fa950d100b9231450dc7743ca080462482d45f93130a1c187ba7e070670d5380917e6602f94a0deafa3525300273b090ca881e89bfc23f2fff7d722f4292044f934fa091007a9f37902bfede6ef0cbf625e5a9c5a2df4353bb44737d9783f84d7614dd1c83&p=8162de16d9c15ae708e2977b5755&newp=8b2a9737899802fa10bd9b7d084792695c03dc3a7bc8944e3db9974c8732002c0331a3fa7c7f4c0bd7c37b6d05a4485feffa3c793d0625b399cc8f5e9bd6d37f6d877068266ed91a518651&user=baidu&fm=sc&query=html+%CE%C4%D5%C2+%D5%AA%D2%AA&qid=d14f1a100001da4e&p1=2\" target=\"_blank\">百度快照</a></div></div><div class=\"result c-container \"><h3 class=\"t\"><a href=\"http://www.baidu.com/link?url=-ABXJSrH8MwvSLSI0RZvUo7PwTcTh-BovZppCjweIKc3VV0jh8abueL9MKYKDBlqcTwnpvMhFZrq8p5e53P0m_&wd=&eqid=d14f1a100001da4e0000000659a537c5\" target=\"_blank\">java根据<em>html</em>生成<em>摘要</em> - sevennight - 博客园</a></h3><div class=\"c-abstract\"><span class=\" newTimeFactor_before_abs m\">2015年4月30日&nbsp;-&nbsp;</span>随笔- 127 <em>文章</em>- 0 评论- 17 java根据<em>html</em>生成<em>摘要</em> 转自:http://java.freesion.com/article/48772295755/ 开发一个系统,需要用到这个,根据<em>html</em>生成你...</div><div class=\"f13\"><a class=\"c-showurl\" style=\"text-decoration: none;\" href=\"http://www.baidu.com/link?url=-ABXJSrH8MwvSLSI0RZvUo7PwTcTh-BovZppCjweIKc3VV0jh8abueL9MKYKDBlqcTwnpvMhFZrq8p5e53P0m_\" target=\"_blank\">www.cnblogs.com/cnseve...&nbsp;</a><div class=\"c-tools\"><a class=\"c-tip-icon\"><em class=\"c-icon c-icon-triangle-down-g\"></em></a></div><span class=\"c-icons-outer\"><span class=\"c-icons-inner\"></span></span>&nbsp;-&nbsp;<a class=\"m\" href=\"http://cache.baiducontent.com/c?m=9d78d513d99907f006fa940f1a67a071685297153bc0a11568d4e25fe5634c32347195bb30516310948522685be90f1efdf1456f2a4665f28cc8ff1b81ebcc757ac93034074ddb1e0f8245ee9c02729d7ccb0fb3e904a5a7f63497a4d0d4d84353bd094325de&p=9f64c64ad4934eac58e6c126574e92&newp=c4769a4786cc42af53b1db23615d9d231610db2151d6d31e6b82c825d7331b001c3bbfb42324170ed5ce786201af4c56eafb3572300021a3dda5c91d9fb4c57479&user=baidu&fm=sc&query=html+%CE%C4%D5%C2+%D5%AA%D2%AA&qid=d14f1a100001da4e&p1=3\" target=\"_blank\">百度快照</a></div></div><div class=\"result c-container \"><h3 class=\"t\"><a href=\"http://www.baidu.com/link?url=ZE6a_AeyJh2sKIvNO-NOlMBZHJPj-RPhI5mMnf7AH-S_YiFvED3j2IkGO8j-LMa-HYBaLi63AyG-9rAUex3Yua&wd=&eqid=d14f1a100001da4e0000000659a537c5\" target=\"_blank\">java实现带<em>HTML</em>代码的<em>文章摘要</em>截取 - 小马的专栏 - CSDN博客</a></h3><div class=\"c-abstract\"><span class=\" newTimeFactor_before_abs m\">2008年1月17日&nbsp;-&nbsp;</span>就可以了,jsp里substring也能解决,但是加了<em>HTML</em>代码进去,想截取出一篇<em>文章</em>的部分内容就不那么容易,截取很容易就破坏了<em>HTML</em>代码的完整性,其后果甚至会...</div><div class=\"f13\"><a class=\"c-showurl\" style=\"text-decoration: none;\" href=\"http://www.baidu.com/link?url=ZE6a_AeyJh2sKIvNO-NOlMBZHJPj-RPhI5mMnf7AH-S_YiFvED3j2IkGO8j-LMa-HYBaLi63AyG-9rAUex3Yua\" target=\"_blank\">blog.csdn.net/cngkqy/a...&nbsp;</a><div class=\"c-tools\"><a class=\"c-tip-icon\"><em class=\"c-icon c-icon-triangle-down-g\"></em></a></div><span class=\"c-icons-outer\"><span class=\"c-icons-inner\"></span></span>&nbsp;-&nbsp;<a class=\"m\" href=\"http://cache.baiducontent.com/c?m=9d78d513d99907f006fa940f1a67a071685297153bc0a11568d4e25fe5634c32347195bb30516310948522685be90f1efdf1456f2a537eeacedf883d8cfac47438885068275a9b104e8640ec805b768166cb0bb7f804b1edb661c8f093cedf5655c0530570&p=8e6cc64ad4934eac58efc23761508e&newp=8e3bcb0f9d9812a05abd9b7d0d1496231610db2151d4d41f6b82c825d7331b001c3bbfb423241701d7c07e6705ae4c5ee8fb3379320021a3dda5c91d9fb4c57479&user=baidu&fm=sc&query=html+%CE%C4%D5%C2+%D5%AA%D2%AA&qid=d14f1a100001da4e&p1=4\" target=\"_blank\">百度快照</a></div><div class=\"c-gap-top c-recommend\"><em class=\"c-icon c-icon-bear-circle c-gap-right-small\"></em><span class=\"c-gray\">为您推荐：</span><a title=\"htmlparser\" href=\"https://www.baidu.com/s?tn=baidu&rsv_idx=1&wd=htmlparser&rsv_crq=6&bs=html%20%E6%96%87%E7%AB%A0%20%E6%91%98%E8%A6%81\" target=\"_blank\">htmlparser</a><a title=\"java获取文章摘要\" class=\"c-gap-left-large\" href=\"https://www.baidu.com/s?tn=baidu&rsv_idx=1&wd=java%E8%8E%B7%E5%8F%96%E6%96%87%E7%AB%A0%E6%91%98%E8%A6%81&rsv_crq=6&bs=html%20%E6%96%87%E7%AB%A0%20%E6%91%98%E8%A6%81\" target=\"_blank\">java获取文章摘要</a><a title=\"org.htmlparser jar包\" class=\"c-gap-left-large\" href=\"https://www.baidu.com/s?tn=baidu&rsv_idx=1&wd=org.htmlparser%20jar%E5%8C%85&rsv_crq=6&bs=html%20%E6%96%87%E7%AB%A0%20%E6%91%98%E8%A6%81\" target=\"_blank\">org.htmlparser jar包</a></div></div><div class=\"result c-container \"><h3 class=\"t\"><a href=\"http://www.baidu.com/link?url=PGTQTHZAtvHd7tJt5-A840n1lscEPLXis8dWxLX8fiSE6Eyf_fj8wWuTI8a3ENnZR-a-71-Ml7ebRuSAuKoo2nm7HLAga6E7uU2yvfTmP0i\" target=\"_blank\">(原创函数)使用PHP从<em>HTML</em>中提取<em>摘要</em> - 嘲昌隆的日志 - 网易博客</a></h3><div class=\"c-abstract\"><span class=\" newTimeFactor_before_abs m\">2013年10月11日&nbsp;-&nbsp;</span>(原创函数)使用PHP从<em>HTML</em>中提取<em>摘要</em>,嘲昌隆的网易博客,怎么还不行?,正在PHP中...... * 生成<em>HTML摘要</em> nece001@163.com * @param string $<em>html</em> <em>html</em>内容...</div><div class=\"f13\"><a class=\"c-showurl\" style=\"text-decoration: none;\" href=\"http://www.baidu.com/link?url=PGTQTHZAtvHd7tJt5-A840n1lscEPLXis8dWxLX8fiSE6Eyf_fj8wWuTI8a3ENnZR-a-71-Ml7ebRuSAuKoo2nm7HLAga6E7uU2yvfTmP0i\" target=\"_blank\">nece001.blog.163.com/b...&nbsp;</a><div class=\"c-tools\"><a class=\"c-tip-icon\"><em class=\"c-icon c-icon-triangle-down-g\"></em></a></div><span class=\"c-icons-outer\"><span class=\"c-icons-inner\"></span></span>&nbsp;-&nbsp;<a class=\"m\" href=\"http://cache.baiducontent.com/c?m=9d78d513d99907f006fa940f1a67a071685297153bc0a11568d4e25fe5634c32347195bb30516310948522685be90f1efdf1456f2a5f77e6ccca8a49cabbe57871d57223706b854513c419d89a1b7adc70ce07bcb258a1e9b669c2b3d8d4db5552ce51057883f180590314cc6df71234e2ac84&p=c37fc012c7904ead08e29f7a4b52&newp=976cca5d85cc43e644bd9b75090e92695d0fc20e3cd7d101298ffe0cc4241a1a1a3aecbf21251a06d1c57a6305a84858ecf03774370434f1f689df08d2ecce7e6694&user=baidu&fm=sc&query=html+%CE%C4%D5%C2+%D5%AA%D2%AA&qid=d14f1a100001da4e&p1=5\" target=\"_blank\">百度快照</a></div></div><div class=\"result c-container \"><h3 class=\"t\"><a href=\"http://www.baidu.com/link?url=0kSuGabg9cigfUCZKmJLixqg8h54ZIJqNxKda1OmmefnLUwgvOQcaVPQ4yKmkLNK\" target=\"_blank\"><em>HTML</em>+CSS<em>摘要</em> - 简书</a></h3><div class=\"c-abstract\"><span class=\" newTimeFactor_before_abs m\">2017年3月19日&nbsp;-&nbsp;</span>写<em>文章</em> 注册 登录 首页 下载App <em>HTML</em>+CSS<em>摘要</em>作者 PYLON 2017.03.19 18:56*...<em>HTML</em>介绍 <em>HTML</em>代码由标签组成,标签的语法是&lt; XXX&gt;...&lt;/XXX&gt;。 标签可以...</div><div class=\"f13\"><a class=\"c-showurl\" style=\"text-decoration: none;\" href=\"http://www.baidu.com/link?url=0kSuGabg9cigfUCZKmJLixqg8h54ZIJqNxKda1OmmefnLUwgvOQcaVPQ4yKmkLNK\" target=\"_blank\">www.jianshu.com/p/1404...&nbsp;</a><div class=\"c-tools\"><a class=\"c-tip-icon\"><em class=\"c-icon c-icon-triangle-down-g\"></em></a></div><span class=\"c-icons-outer\"><span class=\"c-vline\"></span><span class=\"c-trust-as vstar \"><a class=\"c-icon c-icon-v c-icon-v1\" href=\"https://www.baidu.com/s?wd=%E4%B8%8A%E6%B5%B7%E4%BD%B0%E9%9B%86%E4%BF%A1%E6%81%AF%E7%A7%91%E6%8A%80%E6%9C%89%E9%99%90%E5%85%AC%E5%8F%B8@v&vmp_ec=567708fb141dba47660f36b3c44dcWNb=ba301qdabd6598ah=Qv4Le6m2F52cdu0Xyf5dbadX3sJ8b803ccd8a0&vmp_ectm=1503974976&from=vs&product=v&rsv_dl=0_left_v_1\" target=\"_blank\"></a></span></span>&nbsp;-&nbsp;<a class=\"m\" href=\"http://cache.baiducontent.com/c?m=9f65cb4a8c8507ed4fece763105392230e54f73b67848c5425938448e435061e5a24feb821201606d3c37c3451f84e48afad7624385966e8c5df883bcacae53f5e8e3042770bf74105d368b8bd4132b253872ce9b86a94&p=93769a4786cc42ae59b8c0205459bb&newp=8b2a9719899416ff57ee957f4500cb231610db2151d7d7176b82c825d7331b001c3bbfb42324170ed1c77c6105ab4e5deef63673310327a3dda5c91d9fb4c57479d4786327&user=baidu&fm=sc&query=html+%CE%C4%D5%C2+%D5%AA%D2%AA&qid=d14f1a100001da4e&p1=6\" target=\"_blank\">百度快照</a></div></div><div class=\"result c-container \"><h3 class=\"t\"><a href=\"http://www.baidu.com/link?url=AtJPtKCwyHGBrgQTPMqtBf9lTM2pSN3HYq3PXIifXWhXjVaZXwPtLz-iHRXx8bxNAPzyANCylAxE3m-NT_IE5MKWjO7DKHHNwRUTJ6DRIBO\" target=\"_blank\">如何截取<em>html</em>的子字符串作为内容<em>摘要</em>_百度知道</a></h3><p class=\"f13 m\">1个回答 - 提问时间: 2013年10月28日</p><div class=\"c-abstract\"><em class=\"c-text c-text-info c-gap-icon-right-small\"><strong>[</strong>专业<strong>]</strong></em><span class=\"m\">答案:</span>var imgFileName = $(&quot;#XXXXXXX&quot;).val(); var imgFileNameArray = &quot;&quot;; imgFileNameArray = imgFileName .split(&quot;_&quot;); imgFileName = imgFileName...<br/><a class=\"c\" href=\"http://zhidao.baidu.com/q?ct=17&pn=0&tn=ikaslist&rn=10&word=html%20%E6%96%87%E7%AB%A0%20%E6%91%98%E8%A6%81\" target=\"_blank\">更多关于html 文章 摘要的问题&gt;&gt;</a></div><div class=\"f13\"><a class=\"c-showurl\" style=\"text-decoration: none;\" href=\"http://www.baidu.com/link?url=AtJPtKCwyHGBrgQTPMqtBf9lTM2pSN3HYq3PXIifXWhXjVaZXwPtLz-iHRXx8bxNAPzyANCylAxE3m-NT_IE5MKWjO7DKHHNwRUTJ6DRIBO\" target=\"_blank\">zhidao.baidu.com/link?...&nbsp;</a><div class=\"c-tools\"><a class=\"c-tip-icon\"><em class=\"c-icon c-icon-triangle-down-g\"></em></a></div><span class=\"c-icons-outer\"><span class=\"c-icons-inner\"></span></span>&nbsp;-&nbsp;<a class=\"m\" href=\"http://cache.baiducontent.com/c?m=9f65cb4a8c8507ed4fece763105e8d3d4f07dd743ca080462482d45f93130a1c187ba0fc7063565f8e9961640ba5495ee8f63d73360926b290c9894ad9b1852858d2616b2e08c31c528516f58d197bd620e14d98d80e96bce74494b9a3d3c85422dd25026df3839c2c0003b91c&p=93769a4786cc42a953b8c0205459bb&newp=8b2a9719899416ff57ee92754500cb23161cda386a848d0a3b8fd12596664f171c0ba7ec67634b598fca786106a54f57eef53672320823b699cb8b4adeafd4456edf653b2740d01d4d844e&user=baidu&fm=sc&query=html+%CE%C4%D5%C2+%D5%AA%D2%AA&qid=d14f1a100001da4e&p1=7\" target=\"_blank\">百度快照</a></div></div><p><br/></p>', 'DS2000,C&C++,Linux', 'private', 'publish', '0', '0', '丁庆发', 'dingqingfa@star-net.cn', '2017-08-29 19:24:19', 'dingqingfa@star-net.cn', '2017-08-29 19:24:19', '0');
INSERT INTO `article` VALUES ('A17082919354353', 'DJ DJ', 'html根元素详解        文档查看        html作为HTML页面的根元素，根据文档，其原来有三个属性：  manifest  ,  version  ,  xmlns  &nbsp;，由于新的版本更替，前两个已经不用了，我们来讲一下  xmlns          xmlns    它的作用是指派XML的命名空间。    关于XML的命名空间，这里有详尽的教程：  XML命名空间      通过该教程，我们明确了以下几点：        XML的命名空间解决了XML文件中标签命名冲突的问题        XML命名空间属性被放置在元素的开始标签之中，在我们这里，元素指的就...', '<h1 style=\"margin: 0.8em 0px; padding: 0px; box-sizing: border-box; font-weight: 100; line-height: 1.3em; font-size: 2.6em; color: rgb(63, 63, 63); font-family: &#39;microsoft yahei&#39;; white-space: normal; background-color: rgb(255, 255, 255);\">html根元素详解</h1><blockquote style=\"box-sizing: border-box; margin: 0px 0px 1.1em; padding: 15px 20px; border-left-width: 10px; border-left-style: solid; border-left-color: rgba(128, 128, 128, 0.0745098); border-radius: 0px 5px 5px 0px; color: rgb(63, 63, 63); font-family: &#39;microsoft yahei&#39;; font-size: 15px; line-height: 35px; white-space: normal; background-color: rgba(128, 128, 128, 0.0470588);\"><p style=\"margin-top: 0px; margin-bottom: 0px; padding: 0px; box-sizing: border-box; line-height: 1.25;\"><a href=\"https://developer.mozilla.org/zh-CN/docs/Web/HTML/Element/html\" target=\"_blank\" style=\"text-decoration: none; box-sizing: border-box; color: rgb(12, 137, 207);\">文档查看</a></p></blockquote><p style=\"margin-top: 0px; margin-bottom: 1.1em; padding: 0px; box-sizing: border-box; color: rgb(63, 63, 63); font-family: &#39;microsoft yahei&#39;; font-size: 15px; line-height: 35px; white-space: normal; background-color: rgb(255, 255, 255);\">html作为HTML页面的根元素，根据文档，其原来有三个属性：<code style=\"box-sizing: border-box; font-family: &#39;Source Code Pro&#39;, monospace; padding: 2px 4px; font-size: 13.5px; white-space: nowrap; border-radius: 0px; background-color: rgba(128, 128, 128, 0.0745098);\">manifest</code>,<code style=\"box-sizing: border-box; font-family: &#39;Source Code Pro&#39;, monospace; padding: 2px 4px; font-size: 13.5px; white-space: nowrap; border-radius: 0px; background-color: rgba(128, 128, 128, 0.0745098);\">version</code>,<code style=\"box-sizing: border-box; font-family: &#39;Source Code Pro&#39;, monospace; padding: 2px 4px; font-size: 13.5px; white-space: nowrap; border-radius: 0px; background-color: rgba(128, 128, 128, 0.0745098);\">xmlns</code>&nbsp;，由于新的版本更替，前两个已经不用了，我们来讲一下<code style=\"box-sizing: border-box; font-family: &#39;Source Code Pro&#39;, monospace; padding: 2px 4px; font-size: 13.5px; white-space: nowrap; border-radius: 0px; background-color: rgba(128, 128, 128, 0.0745098);\">xmlns</code></p><h3 style=\"margin: 0.8em 0px; padding: 0px; box-sizing: border-box; font-weight: 100; line-height: 1.3em; font-size: 1.73em; color: rgb(63, 63, 63); font-family: &#39;microsoft yahei&#39;; white-space: normal; background-color: rgb(255, 255, 255);\"><a target=\"_blank\" style=\"box-sizing: border-box; color: rgb(12, 137, 207);\"></a>xmlns</h3><p style=\"margin-top: 0px; margin-bottom: 1.1em; padding: 0px; box-sizing: border-box; color: rgb(63, 63, 63); font-family: &#39;microsoft yahei&#39;; font-size: 15px; line-height: 35px; white-space: normal; background-color: rgb(255, 255, 255);\">它的作用是指派XML的命名空间。</p><p style=\"margin-top: 0px; margin-bottom: 1.1em; padding: 0px; box-sizing: border-box; color: rgb(63, 63, 63); font-family: &#39;microsoft yahei&#39;; font-size: 15px; line-height: 35px; white-space: normal; background-color: rgb(255, 255, 255);\">关于XML的命名空间，这里有详尽的教程：<a href=\"http://www.w3school.com.cn/xml/xml_namespaces.asp\" target=\"_blank\" style=\"text-decoration: none; box-sizing: border-box; color: rgb(12, 137, 207);\">XML命名空间</a></p><p style=\"margin-top: 0px; margin-bottom: 1.1em; padding: 0px; box-sizing: border-box; color: rgb(63, 63, 63); font-family: &#39;microsoft yahei&#39;; font-size: 15px; line-height: 35px; white-space: normal; background-color: rgb(255, 255, 255);\">通过该教程，我们明确了以下几点：</p><ul style=\"box-sizing: border-box; color: rgb(63, 63, 63); font-family: &#39;microsoft yahei&#39;; font-size: 15px; line-height: 35px; white-space: normal; background-color: rgb(255, 255, 255);\" class=\" list-paddingleft-2\"><li><p style=\"margin-top: 0px; margin-bottom: 1.1em; padding: 0px; box-sizing: border-box;\">XML的命名空间解决了XML文件中标签命名冲突的问题</p></li><li><p style=\"margin-top: 0px; margin-bottom: 1.1em; padding: 0px; box-sizing: border-box;\">XML命名空间属性被放置在元素的开始标签之中，在我们这里，元素指的就是<code style=\"box-sizing: border-box; font-family: &#39;Source Code Pro&#39;, monospace; padding: 2px 4px; font-size: 13.5px; white-space: nowrap; border-radius: 0px; background-color: rgba(128, 128, 128, 0.0745098);\">&lt;html&gt;</code>标签</p></li><li><p style=\"margin-top: 0px; margin-bottom: 1.1em; padding: 0px; box-sizing: border-box;\">XML命名空间属性的设置语法为：</p></li><ul style=\"list-style-type: square;\" class=\" list-paddingleft-2\"><li><p><code style=\"box-sizing: border-box; font-family: &#39;Source Code Pro&#39;, monospace; padding: 2px 4px; font-size: 13.5px; white-space: nowrap; border-radius: 0px; background-color: rgba(128, 128, 128, 0.0745098);\">html&nbsp;<br/>xmlns:namespance-prefix=&quot;namespaceURI“&nbsp;<br/></code></p></li></ul></ul><p style=\"margin-top: 0px; margin-bottom: 1.1em; padding: 0px; box-sizing: border-box; color: rgb(63, 63, 63); font-family: &#39;microsoft yahei&#39;; font-size: 15px; line-height: 35px; white-space: normal; background-color: rgb(255, 255, 255);\">当然，根据html根元素的文档，我们还得加一条</p><ul style=\"box-sizing: border-box; color: rgb(63, 63, 63); font-family: &#39;microsoft yahei&#39;; font-size: 15px; line-height: 35px; white-space: normal; background-color: rgb(255, 255, 255);\" class=\" list-paddingleft-2\"><li><p>此属性在XHTML文档中为必须要设置的，而在HTML文档中则为可选。</p></li></ul><h4 style=\"margin: 0.8em 0px; padding: 0px; box-sizing: border-box; font-weight: 100; line-height: 1.3em; color: rgb(63, 63, 63); font-family: &#39;microsoft yahei&#39;; font-size: 15px; white-space: normal; background-color: rgb(255, 255, 255);\"><a target=\"_blank\" style=\"box-sizing: border-box; color: rgb(12, 137, 207);\"></a>应用场景</h4><p style=\"margin-top: 0px; margin-bottom: 1.1em; padding: 0px; box-sizing: border-box; color: rgb(63, 63, 63); font-family: &#39;microsoft yahei&#39;; font-size: 15px; line-height: 35px; white-space: normal; background-color: rgb(255, 255, 255);\">比如，在你的html中，你想要自定义一个标签来进行语义化的表示，你就可以使用它。</p><p style=\"margin-top: 0px; margin-bottom: 1.1em; padding: 0px; box-sizing: border-box; color: rgb(63, 63, 63); font-family: &#39;microsoft yahei&#39;; font-size: 15px; line-height: 35px; white-space: normal; background-color: rgb(255, 255, 255);\">举例，如果你需要在HTML页面中使用数学运算作为标签名来表明该标签是相应的运算公式，类似下面这样：</p><pre class=\"prettyprint\" style=\"white-space: nowrap; word-wrap: break-word; box-sizing: border-box; position: relative; overflow-y: hidden; overflow-x: auto; margin-top: 0px; margin-bottom: 1.1em; font-family: &#39;Source Code Pro&#39;, monospace; padding: 5px 5px 5px 60px; font-size: 14px; line-height: 1.45; word-break: break-all; color: rgb(51, 51, 51); border: 0px solid rgb(136, 136, 136); border-radius: 0px; background-color: rgba(128, 128, 128, 0.0470588);\">&lt;add&gt;3+2&lt;/add&gt;&lt;minus&gt;8-4&lt;/minus&gt;&lt;time&gt;4*5&lt;/time&gt;&lt;div&gt;12/2&lt;/div&gt;12341234</pre><p style=\"margin-top: 0px; margin-bottom: 1.1em; padding: 0px; box-sizing: border-box; color: rgb(63, 63, 63); font-family: &#39;microsoft yahei&#39;; font-size: 15px; line-height: 35px; white-space: normal; background-color: rgb(255, 255, 255);\">另外，你还需要使用一个标签来表示时间：</p><pre class=\"prettyprint\" style=\"white-space: nowrap; word-wrap: break-word; box-sizing: border-box; position: relative; overflow-y: hidden; overflow-x: auto; margin-top: 0px; margin-bottom: 1.1em; font-family: &#39;Source Code Pro&#39;, monospace; padding: 5px 5px 5px 60px; font-size: 14px; line-height: 1.45; word-break: break-all; color: rgb(51, 51, 51); border: 0px solid rgb(136, 136, 136); border-radius: 0px; background-color: rgba(128, 128, 128, 0.0470588);\">&lt;time&gt;14:23:22&lt;/time&gt;11</pre><p style=\"margin-top: 0px; margin-bottom: 1.1em; padding: 0px; box-sizing: border-box; color: rgb(63, 63, 63); font-family: &#39;microsoft yahei&#39;; font-size: 15px; line-height: 35px; white-space: normal; background-color: rgb(255, 255, 255);\">那么，现在有两个问题：</p><ul style=\"box-sizing: border-box; color: rgb(63, 63, 63); font-family: &#39;microsoft yahei&#39;; font-size: 15px; line-height: 35px; white-space: normal; background-color: rgb(255, 255, 255);\" class=\" list-paddingleft-2\"><li><p>如何区分HTML中的布局元素<code style=\"box-sizing: border-box; font-family: &#39;Source Code Pro&#39;, monospace; padding: 2px 4px; font-size: 13.5px; white-space: nowrap; border-radius: 0px; background-color: rgba(128, 128, 128, 0.0745098);\">div</code>与数学公式中代表除法的<code style=\"box-sizing: border-box; font-family: &#39;Source Code Pro&#39;, monospace; padding: 2px 4px; font-size: 13.5px; white-space: nowrap; border-radius: 0px; background-color: rgba(128, 128, 128, 0.0745098);\">div</code></p></li><li><p>如何区分代表乘法的<code style=\"box-sizing: border-box; font-family: &#39;Source Code Pro&#39;, monospace; padding: 2px 4px; font-size: 13.5px; white-space: nowrap; border-radius: 0px; background-color: rgba(128, 128, 128, 0.0745098);\">time</code>与代表时间的<code style=\"box-sizing: border-box; font-family: &#39;Source Code Pro&#39;, monospace; padding: 2px 4px; font-size: 13.5px; white-space: nowrap; border-radius: 0px; background-color: rgba(128, 128, 128, 0.0745098);\">time</code></p></li></ul><p style=\"margin-top: 0px; margin-bottom: 1.1em; padding: 0px; box-sizing: border-box; color: rgb(63, 63, 63); font-family: &#39;microsoft yahei&#39;; font-size: 15px; line-height: 35px; white-space: normal; background-color: rgb(255, 255, 255);\">这时，我们可以通过在html中添加xmlns属性的方式来对他们进行区分，代码如下：</p><pre class=\"prettyprint\" style=\"white-space: nowrap; word-wrap: break-word; box-sizing: border-box; position: relative; overflow-y: hidden; overflow-x: auto; margin-top: 0px; margin-bottom: 1.1em; font-family: &#39;Source Code Pro&#39;, monospace; padding: 5px 5px 5px 60px; font-size: 14px; line-height: 1.45; word-break: break-all; color: rgb(51, 51, 51); border: 0px solid rgb(136, 136, 136); border-radius: 0px; background-color: rgba(128, 128, 128, 0.0470588);\">&lt;!DOCTYPE&nbsp;html&gt;&lt;html&nbsp;lang=&quot;en&quot;&nbsp;xmlns:math=&quot;http://www.w3.org/1999/Math/MathMl&quot;&nbsp;xmlns:date=&quot;http://www.w3.org/1999/Math/MathMl&quot;&gt;&lt;head&gt;\r\n&nbsp;&nbsp;&nbsp;&nbsp;&lt;meta&nbsp;charset=&quot;UTF-8&quot;&gt;\r\n&nbsp;&nbsp;&nbsp;&nbsp;&lt;title&gt;HTML-xmlns属性详解&lt;/title&gt;\r\n&nbsp;&nbsp;&nbsp;&nbsp;&lt;style&gt;\r\n&nbsp;&nbsp;&nbsp;&nbsp;&nbsp;&nbsp;&nbsp;&nbsp;div&nbsp;{&nbsp;width:&nbsp;200px;&nbsp;height:100px;&nbsp;border:&nbsp;2px&nbsp;solid&nbsp;red}&nbsp;&nbsp;&nbsp;&nbsp;&lt;/style&gt;&lt;/head&gt;&lt;body&gt;\r\n\r\n&nbsp;&nbsp;&nbsp;&nbsp;&lt;div&gt;这是一个普通的div标签&lt;/div&gt;\r\n&nbsp;&nbsp;&nbsp;&nbsp;&lt;h4&gt;下面是代表数学运算的除法公式的标签&lt;/h4&gt;\r\n&nbsp;&nbsp;&nbsp;&nbsp;&lt;math:div&gt;x3/x&lt;/math:div&gt;\r\n&nbsp;&nbsp;&nbsp;&nbsp;&lt;math:time&gt;X*y&lt;/math:time&gt;&lt;h4&gt;下面是代表时间的标签&lt;/h4&gt;&lt;date:time&gt;14:33:33&lt;/date:time&gt;&lt;/body&gt;&lt;/html&gt;1234567891011121314151617181912345678910111213141516171819</pre><p style=\"margin-top: 0px; margin-bottom: 1.1em; padding: 0px; box-sizing: border-box; color: rgb(63, 63, 63); font-family: &#39;microsoft yahei&#39;; font-size: 15px; line-height: 35px; white-space: normal; background-color: rgb(255, 255, 255);\">然后，当其他解析器或代码维护人员看到这些源码时，就可以非常清晰地区分他们不同的内涵。</p><p><br/></p>', 'DS3000,C&C++,单片机', 'private', 'publish', '0', '0', '丁庆发', 'dingqingfa@star-net.cn', '2017-08-29 19:35:44', 'dingqingfa@star-net.cn', '2017-08-29 19:35:44', '0');
INSERT INTO `article` VALUES ('A17082919554711', 'Centos6.5 Jdk+Tomcat+Mysql环境安装', '系统环境：Centos6.5 64位        1. 安装  Java  环境 这里安装的是jdk1.7.60            在/usr/local目录下创建java目录，可到  Oracle  官网或镜像网站下载jdk-7u60-  Linux  -x64.tar.gz,放到/usr/local/java中,            cd /usr/local/java,执行解压: tar zxvf &nbsp;jdk-7u60-  linux  -x64.tar.gz。            解压完成后配置JAVA_HOME,JAR_HOME环境变量。打开/etc/pro...', '<p style=\"color: rgb(51, 51, 51); font-family: Arial; font-size: 14px; line-height: 26px; white-space: normal; background-color: rgb(255, 255, 255);\"><span style=\"font-size: 12px;\">系统环境：Centos6.5 64位</span></p><p style=\"color: rgb(51, 51, 51); font-family: Arial; font-size: 14px; line-height: 26px; white-space: normal; background-color: rgb(255, 255, 255);\"><span style=\"font-size: 12px;\">1. 安装<a href=\"http://lib.csdn.net/base/java\" class=\"replace_word\" title=\"Java 知识库\" target=\"_blank\" style=\"color: rgb(223, 52, 52); text-decoration: none; font-weight: bold;\">Java</a>环境 这里安装的是jdk1.7.60</span></p><p style=\"color: rgb(51, 51, 51); font-family: Arial; font-size: 14px; line-height: 26px; white-space: normal; background-color: rgb(255, 255, 255);\"><span style=\"font-size: 12px;\"><span style=\"white-space: pre;\"></span>在/usr/local目录下创建java目录，可到<a href=\"http://lib.csdn.net/base/oracle\" class=\"replace_word\" title=\"Oracle知识库\" target=\"_blank\" style=\"color: rgb(223, 52, 52); text-decoration: none; font-weight: bold;\">Oracle</a>官网或镜像网站下载jdk-7u60-<a href=\"http://lib.csdn.net/base/linux\" class=\"replace_word\" title=\"Linux知识库\" target=\"_blank\" style=\"color: rgb(223, 52, 52); text-decoration: none; font-weight: bold;\">Linux</a>-x64.tar.gz,放到/usr/local/java中,</span></p><p style=\"color: rgb(51, 51, 51); font-family: Arial; font-size: 14px; line-height: 26px; white-space: normal; background-color: rgb(255, 255, 255);\"><span style=\"font-size: 12px;\"><span style=\"white-space: pre;\"></span>cd /usr/local/java,执行解压: tar zxvf &nbsp;jdk-7u60-<a href=\"http://lib.csdn.net/base/linux\" class=\"replace_word\" title=\"Linux知识库\" target=\"_blank\" style=\"color: rgb(223, 52, 52); text-decoration: none; font-weight: bold;\">linux</a>-x64.tar.gz。</span></p><p style=\"color: rgb(51, 51, 51); font-family: Arial; font-size: 14px; line-height: 26px; white-space: normal; background-color: rgb(255, 255, 255);\"><span style=\"font-size: 12px;\"><span style=\"white-space: pre;\"></span>解压完成后配置JAVA_HOME,JAR_HOME环境变量。打开/etc/profile文件,命令：vi /etc/profile,在最后加上</span></p><p style=\"color: rgb(51, 51, 51); font-family: Arial; font-size: 14px; line-height: 26px; white-space: normal; background-color: rgb(255, 255, 255);\"><span style=\"font-size: 12px;\"><span style=\"white-space: pre;\"></span>export JAVA_HOME=/usr/local/java/jdk1.7.0_60<br/><span style=\"white-space: pre;\"></span>export JRE_HOME=/usr/local/java/jdk1.7.0_60/jre<br/><span style=\"white-space: pre;\"></span>export CLASSPATH=.:$JAVA_HOME/lib/dt.jar:$JAVA_HOME/lib/tools.jar:$JRE_HOME/lib:$CLASSPATH<br/><span style=\"white-space: pre;\"></span>export PATH=$JAVA_HOME/bin:$PATH<br/></span></p><p style=\"color: rgb(51, 51, 51); font-family: Arial; font-size: 14px; line-height: 26px; white-space: normal; background-color: rgb(255, 255, 255);\"><span style=\"font-size: 12px;\"><span style=\"white-space: pre;\"></span>按ESC键,再输入:wq 保存退出文档，输入source /etc/profile 立即生效（该方法设置一次对所有用户有效）</span></p><p style=\"color: rgb(51, 51, 51); font-family: Arial; font-size: 14px; line-height: 26px; white-space: normal; background-color: rgb(255, 255, 255);\"><span style=\"font-size: 12px;\"><span style=\"white-space: pre;\"></span>查看安装是否成功<span style=\"font-family: arial, helvetica, sans-serif;\">&nbsp;java -version.</span></span></p><p style=\"color: rgb(51, 51, 51); font-family: Arial; font-size: 14px; line-height: 26px; white-space: normal; background-color: rgb(255, 255, 255);\"><br/></p><p style=\"color: rgb(51, 51, 51); font-family: Arial; font-size: 14px; line-height: 26px; white-space: normal; padding-top: 0px; padding-bottom: 0px; margin-top: 0px; margin-bottom: 0px; clear: both; height: auto; overflow: hidden; background-color: rgb(255, 255, 255);\"><span style=\"padding: 0px; margin: 0px; font-family: arial, helvetica, sans-serif;\"><span style=\"font-size: 12px;\"><span style=\"white-space: pre;\"></span>[注:修改~/.bashrc文件（该方法修改后只对当前用户有效，对该用户的所有shell都有效）</span></span></p><p style=\"color: rgb(51, 51, 51); font-family: Arial; font-size: 14px; line-height: 26px; white-space: normal; padding-top: 0px; padding-bottom: 0px; margin-top: 0px; margin-bottom: 0px; clear: both; height: auto; overflow: hidden; background-color: rgb(255, 255, 255);\"><span style=\"padding: 0px; margin: 0px; font-family: arial, helvetica, sans-serif;\"><span style=\"font-size: 12px;\"><span style=\"white-space: pre;\"></span>用vim编辑器打开~/.bashrc文件</span></span></p><p style=\"color: rgb(51, 51, 51); font-family: Arial; font-size: 14px; line-height: 26px; white-space: normal; padding-top: 0px; padding-bottom: 0px; margin-top: 0px; margin-bottom: 0px; clear: both; height: auto; overflow: hidden; background-color: rgb(255, 255, 255);\"><span style=\"padding: 0px; margin: 0px; font-family: arial, helvetica, sans-serif;\"><span style=\"font-size: 12px;\"><span style=\"white-space: pre;\"></span>在文件尾部加入jdk环境变量的定义。在以上方法未起到作用时可尝试此方法]</span></span></p><p style=\"color: rgb(51, 51, 51); font-family: Arial; font-size: 14px; line-height: 26px; white-space: normal; padding-top: 0px; padding-bottom: 0px; margin-top: 0px; margin-bottom: 0px; clear: both; height: auto; overflow: hidden; background-color: rgb(255, 255, 255);\"><span style=\"padding: 0px; margin: 0px; font-family: arial, helvetica, sans-serif;\"><span style=\"font-size: 12px;\">2.安装tomcat,这里是apache-tomcat-8.0.33.tar.gz</span></span></p><p style=\"color: rgb(51, 51, 51); font-family: Arial; font-size: 14px; line-height: 26px; white-space: normal; padding-top: 0px; padding-bottom: 0px; margin-top: 0px; margin-bottom: 0px; clear: both; height: auto; overflow: hidden; background-color: rgb(255, 255, 255);\"><span style=\"padding: 0px; margin: 0px; font-family: arial, helvetica, sans-serif;\"><span style=\"font-size: 12px;\"><span style=\"white-space: pre;\"></span>下载tomcat（二进制版本不是源代码版）到/usr/local目录中,tar zxvf apache-tomcat-8.0.33.tar.gz，得到解压后的apache-tomcat-8.0.33</span></span></p><p style=\"color: rgb(51, 51, 51); font-family: Arial; font-size: 14px; line-height: 26px; white-space: normal; padding-top: 0px; padding-bottom: 0px; margin-top: 0px; margin-bottom: 0px; clear: both; height: auto; overflow: hidden; background-color: rgb(255, 255, 255);\"><span style=\"font-size: 12px;\"><span style=\"white-space: pre;\"></span>目录，修改目录名称为tomcat。</span></p><p style=\"color: rgb(51, 51, 51); font-family: Arial; font-size: 14px; line-height: 26px; white-space: normal; padding-top: 0px; padding-bottom: 0px; margin-top: 0px; margin-bottom: 0px; clear: both; height: auto; overflow: hidden; background-color: rgb(255, 255, 255);\"><span style=\"font-size: 12px;\"><span style=\"white-space: pre;\"></span>可配置内存大小, cd /usr/local/tomcat/bin/, vi catalina.sh,在85行下添加:</span></p><p style=\"color: rgb(51, 51, 51); font-family: Arial; font-size: 14px; line-height: 26px; white-space: normal; padding-top: 0px; padding-bottom: 0px; margin-top: 0px; margin-bottom: 0px; clear: both; height: auto; overflow: hidden; background-color: rgb(255, 255, 255);\"><span style=\"white-space: pre;\"><span style=\"font-size: 12px;\"><span style=\"font-family: &#39;Microsoft Yahei&#39;, 微软雅黑, arial, 宋体, sans-serif; line-height: 28px; text-align: justify;\">JAVA_OPTS=&quot;-server -Xms800m -Xmx800m -XX:PermSize=64M -XX:MaxNewSize=256m\r\n -XX:MaxPermSize=128m -Djava.awt.headless=true &quot;</span></span></span></p><p style=\"color: rgb(51, 51, 51); font-family: Arial; font-size: 14px; line-height: 26px; white-space: normal; padding-top: 0px; padding-bottom: 0px; margin-top: 0px; margin-bottom: 0px; clear: both; height: auto; overflow: hidden; background-color: rgb(255, 255, 255);\"><span style=\"white-space: pre;\"><span style=\"font-family: &#39;Microsoft Yahei&#39;, 微软雅黑, arial, 宋体, sans-serif; line-height: 28px; text-align: justify;\"><span style=\"font-size: 12px;\">按ESC 接着:wq保存退出。</span></span></span></p><p style=\"color: rgb(51, 51, 51); font-family: Arial; font-size: 14px; line-height: 26px; white-space: normal; padding-top: 0px; padding-bottom: 0px; margin-top: 0px; margin-bottom: 0px; clear: both; height: auto; overflow: hidden; background-color: rgb(255, 255, 255);\"><span style=\"white-space: pre;\"><span style=\"font-family: &#39;Microsoft Yahei&#39;, 微软雅黑, arial, 宋体, sans-serif; line-height: 28px; text-align: justify;\"><span style=\"font-size: 12px;\">启动tomcat服务器：</span></span></span></p><p style=\"color: rgb(51, 51, 51); font-family: Arial; font-size: 14px; line-height: 26px; white-space: normal; padding-top: 0px; padding-bottom: 0px; margin-top: 0px; margin-bottom: 0px; clear: both; height: auto; overflow: hidden; background-color: rgb(255, 255, 255);\"><span style=\"white-space: pre;\"><span style=\"font-family: &#39;Microsoft Yahei&#39;, 微软雅黑, arial, 宋体, sans-serif; line-height: 28px; text-align: justify;\"><span style=\"font-size: 12px;\">#cd /usr/local/tomcat/bin</span></span></span></p><p style=\"color: rgb(51, 51, 51); font-family: Arial; font-size: 14px; line-height: 26px; white-space: normal; padding-top: 0px; padding-bottom: 0px; margin-top: 0px; margin-bottom: 0px; clear: both; height: auto; overflow: hidden; background-color: rgb(255, 255, 255);\"><span style=\"white-space: pre;\"><span style=\"font-family: &#39;Microsoft Yahei&#39;, 微软雅黑, arial, 宋体, sans-serif; line-height: 28px; text-align: justify;\"><span style=\"font-size: 12px;\">#./startup.sh</span></span></span></p><p style=\"color: rgb(51, 51, 51); font-family: Arial; font-size: 14px; line-height: 26px; white-space: normal; padding-top: 0px; padding-bottom: 0px; margin-top: 0px; margin-bottom: 0px; clear: both; height: auto; overflow: hidden; background-color: rgb(255, 255, 255);\"><span style=\"font-size: 12px;\"><span style=\"white-space: pre;\">3</span>.安装<a href=\"http://lib.csdn.net/base/mysql\" class=\"replace_word\" title=\"MySQL知识库\" target=\"_blank\" style=\"color: rgb(223, 52, 52); text-decoration: none; font-weight: bold;\">MySQL</a></span></p><p style=\"color: rgb(51, 51, 51); font-family: Arial; font-size: 14px; line-height: 26px; white-space: normal; padding-top: 0px; padding-bottom: 0px; margin-top: 0px; margin-bottom: 0px; clear: both; height: auto; overflow: hidden; background-color: rgb(255, 255, 255);\"><br/></p><p style=\"color: rgb(51, 51, 51); font-size: 14px; white-space: normal; margin: 10px auto; padding-top: 0px; padding-bottom: 0px; font-family: Verdana, Arial, Helvetica, sans-serif; line-height: 21px; background-color: rgb(255, 255, 255);\"><span style=\"margin: 0px; padding: 0px;\"><span style=\"margin: 0px; padding: 0px;\"><span style=\"font-size: 12px;\">卸载掉原有<a href=\"http://lib.csdn.net/base/mysql\" class=\"replace_word\" title=\"MySQL知识库\" target=\"_blank\" style=\"color: rgb(223, 52, 52); text-decoration: none; font-weight: bold;\">mysql</a></span></span></span></p><p style=\"color: rgb(51, 51, 51); font-size: 14px; white-space: normal; margin: 10px auto; padding-top: 0px; padding-bottom: 0px; font-family: Verdana, Arial, Helvetica, sans-serif; line-height: 21px; background-color: rgb(255, 255, 255);\"><span style=\"font-size: 12px;\">因为mysql<a href=\"http://lib.csdn.net/base/mysql\" class=\"replace_word\" title=\"MySQL知识库\" target=\"_blank\" style=\"color: rgb(223, 52, 52); text-decoration: none; font-weight: bold;\">数据库</a>在Linux上实在是太流行了，所以目前下载的主流Linux系统版本基本上都集成了mysql数据库在里面，我们可以通过如下命令来查看我们的<a href=\"http://lib.csdn.net/base/operatingsystem\" class=\"replace_word\" title=\"操作系统知识库\" target=\"_blank\" style=\"color: rgb(223, 52, 52); text-decoration: none; font-weight: bold;\">操作系统</a>上是否已经安装了mysql数据库</span></p><div class=\"cnblogs_code\" style=\"color: rgb(51, 51, 51); font-size: 14px; line-height: 26px; white-space: normal; margin: 5px 0px; padding: 5px; border: 1px solid rgb(204, 204, 204); overflow: auto; font-family: &#39;Courier New&#39; !important; background-color: rgb(245, 245, 245);\"><pre style=\"white-space: pre-wrap; word-wrap: break-word; margin-top: 0px; margin-bottom: 0px; padding: 0px; font-family: &#39;Courier New&#39; !important;\">[root@xiaoluo&nbsp;~]#&nbsp;rpm&nbsp;-qa&nbsp;|&nbsp;grep&nbsp;mysql　　//&nbsp;这个命令就会查看该操作系统上是否已经安装了mysql数据库</pre></div><p style=\"color: rgb(51, 51, 51); font-size: 14px; white-space: normal; margin: 10px auto; padding-top: 0px; padding-bottom: 0px; font-family: Verdana, Arial, Helvetica, sans-serif; line-height: 21px; background-color: rgb(255, 255, 255);\"><span style=\"font-size: 12px;\">有的话，我们就通过 rpm -e 命令 或者 rpm -e --nodeps 命令来卸载掉</span></p><div class=\"cnblogs_code\" style=\"color: rgb(51, 51, 51); font-size: 14px; line-height: 26px; white-space: normal; margin: 5px 0px; padding: 5px; border: 1px solid rgb(204, 204, 204); overflow: auto; font-family: &#39;Courier New&#39; !important; background-color: rgb(245, 245, 245);\"><pre style=\"white-space: pre-wrap; word-wrap: break-word; margin-top: 0px; margin-bottom: 0px; padding: 0px; font-family: &#39;Courier New&#39; !important;\">[root@xiaoluo&nbsp;~]#&nbsp;rpm&nbsp;-e&nbsp;mysql　　//&nbsp;普通删除模式[root@xiaoluo&nbsp;~]#&nbsp;rpm&nbsp;-e&nbsp;--nodeps&nbsp;mysql　　//&nbsp;强力删除模式，如果使用上面命令删除时，提示有依赖的其它文件，则用该命令可以对其进行强力删除</pre></div><p style=\"color: rgb(51, 51, 51); font-size: 14px; white-space: normal; margin: 10px auto; padding-top: 0px; padding-bottom: 0px; font-family: Verdana, Arial, Helvetica, sans-serif; line-height: 21px; background-color: rgb(255, 255, 255);\"><span style=\"font-size: 12px;\">在删除完以后我们可以通过 rpm -qa | grep mysql 命令来查看mysql是否已经卸载成功！！</span></p><p style=\"color: rgb(51, 51, 51); font-size: 14px; white-space: normal; margin: 10px auto; padding-top: 0px; padding-bottom: 0px; font-family: Verdana, Arial, Helvetica, sans-serif; line-height: 21px; background-color: rgb(255, 255, 255);\"><span style=\"margin: 0px; padding: 0px;\"><span style=\"margin: 0px; padding: 0px;\"><span style=\"font-size: 12px;\">三、通过yum来进行mysql的安装</span></span></span></p><p style=\"color: rgb(51, 51, 51); font-size: 14px; white-space: normal; margin: 10px auto; padding-top: 0px; padding-bottom: 0px; font-family: Verdana, Arial, Helvetica, sans-serif; line-height: 21px; background-color: rgb(255, 255, 255);\"><span style=\"font-size: 12px;\">我是通过yum的方式来进行mysql的数据库安装，首先我们可以输入 yum list | grep mysql 命令来查看yum上提供的mysql数据库可下载的版本：</span></p><div class=\"cnblogs_code\" style=\"color: rgb(51, 51, 51); font-size: 14px; line-height: 26px; white-space: normal; margin: 5px 0px; padding: 5px; border: 1px solid rgb(204, 204, 204); overflow: auto; font-family: &#39;Courier New&#39; !important; background-color: rgb(245, 245, 245);\"><pre style=\"white-space: pre-wrap; word-wrap: break-word; margin-top: 0px; margin-bottom: 0px; padding: 0px; font-family: &#39;Courier New&#39; !important;\">[root@xiaoluo&nbsp;~]#&nbsp;yum&nbsp;list&nbsp;|&nbsp;grep&nbsp;mysql</pre></div><p style=\"color: rgb(51, 51, 51); font-size: 14px; white-space: normal; margin: 10px auto; padding-top: 0px; padding-bottom: 0px; font-family: Verdana, Arial, Helvetica, sans-serif; line-height: 21px; background-color: rgb(255, 255, 255);\"><span style=\"font-size: 12px;\">就可以得到yum服务器上mysql数据库的可下载版本信息：</span></p><p style=\"color: rgb(51, 51, 51); font-size: 14px; white-space: normal; margin: 10px auto; padding-top: 0px; padding-bottom: 0px; font-family: Verdana, Arial, Helvetica, sans-serif; line-height: 21px; background-color: rgb(255, 255, 255);\"><span style=\"font-size: 12px;\">&nbsp;</span></p><p style=\"color: rgb(51, 51, 51); font-size: 14px; white-space: normal; margin: 10px auto; padding-top: 0px; padding-bottom: 0px; font-family: Verdana, Arial, Helvetica, sans-serif; line-height: 21px; background-color: rgb(255, 255, 255);\"><span style=\"font-size: 12px;\"><img src=\"/ueditor/jsp/upload/image/20170829/1504007712660017713.jpg\" alt=\"\"/></span></p><p style=\"color: rgb(51, 51, 51); font-size: 14px; white-space: normal; margin: 10px auto; padding-top: 0px; padding-bottom: 0px; font-family: Verdana, Arial, Helvetica, sans-serif; line-height: 21px; background-color: rgb(255, 255, 255);\"><span style=\"font-size: 12px;\">&nbsp;</span></p><p style=\"color: rgb(51, 51, 51); font-size: 14px; white-space: normal; margin: 10px auto; padding-top: 0px; padding-bottom: 0px; font-family: Verdana, Arial, Helvetica, sans-serif; line-height: 21px; background-color: rgb(255, 255, 255);\"><span style=\"font-size: 12px;\">然后我们可以通过输入<span style=\"margin: 0px; padding: 0px; color: rgb(0, 0, 255);\">&nbsp;yum install -y mysql-server mysql mysql-devel</span>&nbsp;命令将mysql mysql-server mysql-devel都安装好(<span style=\"margin: 0px; padding: 0px;\">注意:安装mysql时我们并不是安装了mysql客户端就相当于安装好了mysql数据库了，我们还需要安装mysql-server服务端才行</span>)</span></p><p style=\"color: rgb(51, 51, 51); font-size: 14px; white-space: normal; margin: 10px auto; padding-top: 0px; padding-bottom: 0px; font-family: Verdana, Arial, Helvetica, sans-serif; line-height: 21px; background-color: rgb(255, 255, 255);\"><span style=\"font-size: 12px;\">&nbsp;</span></p><div class=\"cnblogs_code\" style=\"color: rgb(51, 51, 51); font-size: 14px; line-height: 26px; white-space: normal; margin: 5px 0px; padding: 5px; border: 1px solid rgb(204, 204, 204); overflow: auto; font-family: &#39;Courier New&#39; !important; background-color: rgb(245, 245, 245);\"><pre style=\"white-space: pre-wrap; word-wrap: break-word; margin-top: 0px; margin-bottom: 0px; padding: 0px; font-family: &#39;Courier New&#39; !important;\">[root@xiaoluo&nbsp;~]#&nbsp;yum&nbsp;install&nbsp;-y&nbsp;mysql-server&nbsp;mysql&nbsp;mysql-deve</pre></div><p style=\"color: rgb(51, 51, 51); font-size: 14px; white-space: normal; margin: 10px auto; padding-top: 0px; padding-bottom: 0px; font-family: Verdana, Arial, Helvetica, sans-serif; line-height: 21px; background-color: rgb(255, 255, 255);\"><span style=\"font-size: 12px;\">&nbsp;</span></p><p style=\"color: rgb(51, 51, 51); font-size: 14px; white-space: normal; margin: 10px auto; padding-top: 0px; padding-bottom: 0px; font-family: Verdana, Arial, Helvetica, sans-serif; line-height: 21px; background-color: rgb(255, 255, 255);\"><span style=\"font-size: 12px;\">在等待了一番时间后，yum会帮我们选择好安装mysql数据库所需要的软件以及其它附属的一些软件</span></p><p style=\"color: rgb(51, 51, 51); font-size: 14px; white-space: normal; margin: 10px auto; padding-top: 0px; padding-bottom: 0px; font-family: Verdana, Arial, Helvetica, sans-serif; line-height: 21px; background-color: rgb(255, 255, 255);\"><span style=\"font-size: 12px;\">&nbsp;</span></p><p style=\"color: rgb(51, 51, 51); font-size: 14px; white-space: normal; margin: 10px auto; padding-top: 0px; padding-bottom: 0px; font-family: Verdana, Arial, Helvetica, sans-serif; line-height: 21px; background-color: rgb(255, 255, 255);\"><span style=\"font-size: 12px;\"><img src=\"/ueditor/jsp/upload/image/20170829/1504007712727018982.jpg\" alt=\"\"/></span></p><p style=\"color: rgb(51, 51, 51); font-size: 14px; white-space: normal; margin: 10px auto; padding-top: 0px; padding-bottom: 0px; font-family: Verdana, Arial, Helvetica, sans-serif; line-height: 21px; background-color: rgb(255, 255, 255);\"><span style=\"font-size: 12px;\">&nbsp;</span></p><p style=\"color: rgb(51, 51, 51); font-size: 14px; white-space: normal; margin: 10px auto; padding-top: 0px; padding-bottom: 0px; font-family: Verdana, Arial, Helvetica, sans-serif; line-height: 21px; background-color: rgb(255, 255, 255);\"><span style=\"font-size: 12px;\">我们发现，通过yum方式安装mysql数据库省去了很多没必要的麻烦，当出现下面的结果时，就代表mysql数据库安装成功了</span></p><p style=\"color: rgb(51, 51, 51); font-size: 14px; white-space: normal; margin: 10px auto; padding-top: 0px; padding-bottom: 0px; font-family: Verdana, Arial, Helvetica, sans-serif; line-height: 21px; background-color: rgb(255, 255, 255);\"><span style=\"font-size: 12px;\">&nbsp;</span></p><p style=\"color: rgb(51, 51, 51); font-size: 14px; white-space: normal; margin: 10px auto; padding-top: 0px; padding-bottom: 0px; font-family: Verdana, Arial, Helvetica, sans-serif; line-height: 21px; background-color: rgb(255, 255, 255);\"><span style=\"font-size: 12px;\"><img src=\"/ueditor/jsp/upload/image/20170829/1504007712753008768.jpg\" alt=\"\"/></span></p><p style=\"color: rgb(51, 51, 51); font-size: 14px; white-space: normal; margin: 10px auto; padding-top: 0px; padding-bottom: 0px; font-family: Verdana, Arial, Helvetica, sans-serif; line-height: 21px; background-color: rgb(255, 255, 255);\"><span style=\"font-size: 12px;\">&nbsp;</span></p><p style=\"color: rgb(51, 51, 51); font-size: 14px; white-space: normal; margin: 10px auto; padding-top: 0px; padding-bottom: 0px; font-family: Verdana, Arial, Helvetica, sans-serif; line-height: 21px; background-color: rgb(255, 255, 255);\"><span style=\"font-size: 12px;\">此时我们可以通过如下命令，查看刚安装好的mysql-server的版本</span></p><p style=\"color: rgb(51, 51, 51); font-size: 14px; white-space: normal; margin: 10px auto; padding-top: 0px; padding-bottom: 0px; font-family: Verdana, Arial, Helvetica, sans-serif; line-height: 21px; background-color: rgb(255, 255, 255);\"><span style=\"font-size: 12px;\">&nbsp;</span></p><div class=\"cnblogs_code\" style=\"color: rgb(51, 51, 51); font-size: 14px; line-height: 26px; white-space: normal; margin: 5px 0px; padding: 5px; border: 1px solid rgb(204, 204, 204); overflow: auto; font-family: &#39;Courier New&#39; !important; background-color: rgb(245, 245, 245);\"><pre style=\"white-space: pre-wrap; word-wrap: break-word; margin-top: 0px; margin-bottom: 0px; padding: 0px; font-family: &#39;Courier New&#39; !important;\">[root@xiaoluo&nbsp;~]#&nbsp;rpm&nbsp;-qi&nbsp;mysql-server</pre></div><p style=\"color: rgb(51, 51, 51); font-size: 14px; white-space: normal; margin: 10px auto; padding-top: 0px; padding-bottom: 0px; font-family: Verdana, Arial, Helvetica, sans-serif; line-height: 21px; background-color: rgb(255, 255, 255);\"><span style=\"font-size: 12px;\">&nbsp;</span></p><p style=\"color: rgb(51, 51, 51); font-size: 14px; white-space: normal; margin: 10px auto; padding-top: 0px; padding-bottom: 0px; font-family: Verdana, Arial, Helvetica, sans-serif; line-height: 21px; background-color: rgb(255, 255, 255);\"><span style=\"font-size: 12px;\">我们安装的mysql-server并不是最新版本，如果你想尝试最新版本，那就去mysql官网下载rpm包安装就行了，至此我们的mysql数据库已经安装完成了。</span></p><p style=\"color: rgb(51, 51, 51); font-size: 14px; white-space: normal; margin: 10px auto; padding-top: 0px; padding-bottom: 0px; font-family: Verdana, Arial, Helvetica, sans-serif; line-height: 21px; background-color: rgb(255, 255, 255);\"><span style=\"margin: 0px; padding: 0px;\"><span style=\"margin: 0px; padding: 0px;\"><span style=\"font-size: 12px;\">四、mysql数据库的初始化及相关配置</span></span></span></p><p style=\"color: rgb(51, 51, 51); font-size: 14px; white-space: normal; margin: 10px auto; padding-top: 0px; padding-bottom: 0px; font-family: Verdana, Arial, Helvetica, sans-serif; line-height: 21px; background-color: rgb(255, 255, 255);\"><span style=\"font-size: 12px;\">我们在安装完mysql数据库以后，会发现会多出一个mysqld的服务，这个就是咱们的数据库服务，我们通过输入&nbsp;<span style=\"margin: 0px; padding: 0px; color: rgb(0, 0, 255);\">service mysqld start</span>&nbsp;命令就可以启动我们的mysql服务。</span></p><p style=\"color: rgb(51, 51, 51); font-size: 14px; white-space: normal; margin: 10px auto; padding-top: 0px; padding-bottom: 0px; font-family: Verdana, Arial, Helvetica, sans-serif; line-height: 21px; background-color: rgb(255, 255, 255);\"><span style=\"font-size: 12px;\"><span style=\"margin: 0px; padding: 0px;\">注意</span>：如果我们是第一次启动mysql服务，mysql服务器首先会进行初始化的配置，如：</span></p><div class=\"cnblogs_code\" style=\"color: rgb(51, 51, 51); font-size: 14px; line-height: 26px; white-space: normal; margin: 5px 0px; padding: 5px; border: 1px solid rgb(204, 204, 204); overflow: auto; font-family: &#39;Courier New&#39; !important; background-color: rgb(245, 245, 245);\"><div class=\"cnblogs_code_toolbar\" style=\"margin: 5px 0px 0px; padding: 0px;\"><span class=\"cnblogs_code_copy\" style=\"margin: 0px; padding: 0px 5px 0px 0px; line-height: 1.5 !important;\"><a target=\"_blank\" title=\"复制代码\" style=\"color: rgb(51, 102, 153); text-decoration: underline; margin: 0px; padding: 0px; border: none !important;\"><span style=\"font-size: 12px;\"><img src=\"/ueditor/jsp/upload/image/20170829/1504007712817045098.gif\" alt=\"复制代码\"/></span></a></span></div><pre style=\"white-space: pre-wrap; word-wrap: break-word; margin-top: 0px; margin-bottom: 0px; padding: 0px; font-family: &#39;Courier New&#39; !important;\">[root@xiaoluo&nbsp;~]#&nbsp;service&nbsp;mysqld&nbsp;start初始化&nbsp;MySQL&nbsp;数据库：&nbsp;WARNING:&nbsp;The&nbsp;host&nbsp;&#39;xiaoluo&#39;&nbsp;could&nbsp;not&nbsp;be&nbsp;looked&nbsp;up&nbsp;with&nbsp;resolveip.\r\nThis&nbsp;probably&nbsp;means&nbsp;that&nbsp;your&nbsp;libc&nbsp;libraries&nbsp;are&nbsp;not&nbsp;100&nbsp;%&nbsp;compatible\r\nwith&nbsp;this&nbsp;binary&nbsp;MySQL&nbsp;version.&nbsp;The&nbsp;MySQL&nbsp;daemon,&nbsp;mysqld,&nbsp;should&nbsp;work\r\nnormally&nbsp;with&nbsp;the&nbsp;exception&nbsp;that&nbsp;host&nbsp;name&nbsp;resolving&nbsp;will&nbsp;not&nbsp;work.\r\nThis&nbsp;means&nbsp;that&nbsp;you&nbsp;should&nbsp;use&nbsp;IP&nbsp;addresses&nbsp;instead&nbsp;of&nbsp;hostnames\r\nwhen&nbsp;specifying&nbsp;MySQL&nbsp;privileges&nbsp;!Installing&nbsp;MySQL&nbsp;system&nbsp;tables...\r\nOK\r\nFilling&nbsp;help&nbsp;tables...\r\nOK\r\n\r\nTo&nbsp;start&nbsp;mysqld&nbsp;at&nbsp;boot&nbsp;time&nbsp;you&nbsp;have&nbsp;to&nbsp;copy\r\nsupport-files/mysql.server&nbsp;to&nbsp;the&nbsp;right&nbsp;place&nbsp;for&nbsp;your&nbsp;system\r\n\r\nPLEASE&nbsp;REMEMBER&nbsp;TO&nbsp;SET&nbsp;A&nbsp;PASSWORD&nbsp;FOR&nbsp;THE&nbsp;MySQL&nbsp;root&nbsp;USER&nbsp;!To&nbsp;do&nbsp;so,&nbsp;start&nbsp;the&nbsp;server,&nbsp;then&nbsp;issue&nbsp;the&nbsp;following&nbsp;commands:/usr/bin/mysqladmin&nbsp;-u&nbsp;root&nbsp;password&nbsp;&#39;new-password&#39;/usr/bin/mysqladmin&nbsp;-u&nbsp;root&nbsp;-h&nbsp;xiaoluo&nbsp;password&nbsp;&#39;new-password&#39;Alternatively&nbsp;you&nbsp;can&nbsp;run:/usr/bin/mysql_secure_installationwhich&nbsp;will&nbsp;also&nbsp;give&nbsp;you&nbsp;the&nbsp;option&nbsp;of&nbsp;removing&nbsp;the&nbsp;test\r\ndatabases&nbsp;and&nbsp;anonymous&nbsp;user&nbsp;created&nbsp;by&nbsp;default.&nbsp;&nbsp;This&nbsp;is\r\nstrongly&nbsp;recommended&nbsp;for&nbsp;production&nbsp;servers.\r\n\r\nSee&nbsp;the&nbsp;manual&nbsp;for&nbsp;more&nbsp;instructions.\r\n\r\nYou&nbsp;can&nbsp;start&nbsp;the&nbsp;MySQL&nbsp;daemon&nbsp;with:\r\ncd&nbsp;/usr&nbsp;;&nbsp;/usr/bin/mysqld_safe&nbsp;&amp;You&nbsp;can&nbsp;test&nbsp;the&nbsp;MySQL&nbsp;daemon&nbsp;with&nbsp;mysql-test-run.pl\r\ncd&nbsp;/usr/mysql-test&nbsp;;&nbsp;perl&nbsp;mysql-test-run.pl\r\n\r\nPlease&nbsp;report&nbsp;any&nbsp;problems&nbsp;with&nbsp;the&nbsp;/usr/bin/mysqlbug&nbsp;script!\r\n\r\n&nbsp;&nbsp;&nbsp;&nbsp;&nbsp;&nbsp;&nbsp;&nbsp;&nbsp;&nbsp;&nbsp;&nbsp;&nbsp;&nbsp;&nbsp;&nbsp;&nbsp;&nbsp;&nbsp;&nbsp;&nbsp;&nbsp;&nbsp;&nbsp;&nbsp;&nbsp;&nbsp;&nbsp;&nbsp;&nbsp;&nbsp;&nbsp;&nbsp;&nbsp;&nbsp;&nbsp;&nbsp;&nbsp;&nbsp;&nbsp;&nbsp;&nbsp;&nbsp;&nbsp;&nbsp;&nbsp;&nbsp;&nbsp;&nbsp;&nbsp;&nbsp;&nbsp;&nbsp;&nbsp;&nbsp;&nbsp;&nbsp;&nbsp;&nbsp;[确定]\r\n正在启动&nbsp;mysqld：&nbsp;&nbsp;&nbsp;&nbsp;&nbsp;&nbsp;&nbsp;&nbsp;&nbsp;&nbsp;&nbsp;&nbsp;&nbsp;&nbsp;&nbsp;&nbsp;&nbsp;&nbsp;&nbsp;&nbsp;&nbsp;&nbsp;&nbsp;&nbsp;&nbsp;&nbsp;&nbsp;&nbsp;&nbsp;&nbsp;&nbsp;&nbsp;&nbsp;&nbsp;&nbsp;&nbsp;&nbsp;&nbsp;&nbsp;&nbsp;&nbsp;&nbsp;&nbsp;&nbsp;[确定]</pre><div class=\"cnblogs_code_toolbar\" style=\"margin: 5px 0px 0px; padding: 0px;\"><span class=\"cnblogs_code_copy\" style=\"margin: 0px; padding: 0px 5px 0px 0px; line-height: 1.5 !important;\"><a target=\"_blank\" title=\"复制代码\" style=\"color: rgb(51, 102, 153); text-decoration: underline; margin: 0px; padding: 0px; border: none !important;\"><span style=\"font-size: 12px;\"><img src=\"/ueditor/jsp/upload/image/20170829/1504007712817045098.gif\" alt=\"复制代码\"/></span></a></span></div></div><p style=\"color: rgb(51, 51, 51); font-size: 14px; white-space: normal; margin: 10px auto; padding-top: 0px; padding-bottom: 0px; font-family: Verdana, Arial, Helvetica, sans-serif; line-height: 21px; background-color: rgb(255, 255, 255);\"><span style=\"font-size: 12px;\">&nbsp;</span></p><p style=\"color: rgb(51, 51, 51); font-size: 14px; white-space: normal; margin: 10px auto; padding-top: 0px; padding-bottom: 0px; font-family: Verdana, Arial, Helvetica, sans-serif; line-height: 21px; background-color: rgb(255, 255, 255);\"><span style=\"font-size: 12px;\">这时我们会看到第一次启动mysql服务器以后会提示非常多的信息，目的就是对mysql数据库进行初始化操作，当我们再次重新启动mysql服务时，就不会提示这么多信息了，如：</span></p><p style=\"color: rgb(51, 51, 51); font-size: 14px; white-space: normal; margin: 10px auto; padding-top: 0px; padding-bottom: 0px; font-family: Verdana, Arial, Helvetica, sans-serif; line-height: 21px; background-color: rgb(255, 255, 255);\"><span style=\"font-size: 12px;\">&nbsp;</span></p><div class=\"cnblogs_code\" style=\"color: rgb(51, 51, 51); font-size: 14px; line-height: 26px; white-space: normal; margin: 5px 0px; padding: 5px; border: 1px solid rgb(204, 204, 204); overflow: auto; font-family: &#39;Courier New&#39; !important; background-color: rgb(245, 245, 245);\"><pre style=\"white-space: pre-wrap; word-wrap: break-word; margin-top: 0px; margin-bottom: 0px; padding: 0px; font-family: &#39;Courier New&#39; !important;\">[root@xiaoluo&nbsp;~]#&nbsp;service&nbsp;mysqld&nbsp;restart停止&nbsp;mysqld：&nbsp;&nbsp;&nbsp;&nbsp;&nbsp;&nbsp;&nbsp;&nbsp;&nbsp;&nbsp;&nbsp;&nbsp;&nbsp;&nbsp;&nbsp;&nbsp;&nbsp;&nbsp;&nbsp;&nbsp;&nbsp;&nbsp;&nbsp;&nbsp;&nbsp;&nbsp;&nbsp;&nbsp;&nbsp;&nbsp;&nbsp;&nbsp;&nbsp;&nbsp;&nbsp;&nbsp;&nbsp;&nbsp;&nbsp;&nbsp;&nbsp;&nbsp;&nbsp;&nbsp;&nbsp;[确定]\r\n正在启动&nbsp;mysqld：&nbsp;&nbsp;&nbsp;&nbsp;&nbsp;&nbsp;&nbsp;&nbsp;&nbsp;&nbsp;&nbsp;&nbsp;&nbsp;&nbsp;&nbsp;&nbsp;&nbsp;&nbsp;&nbsp;&nbsp;&nbsp;&nbsp;&nbsp;&nbsp;&nbsp;&nbsp;&nbsp;&nbsp;&nbsp;&nbsp;&nbsp;&nbsp;&nbsp;&nbsp;&nbsp;&nbsp;&nbsp;&nbsp;&nbsp;&nbsp;&nbsp;&nbsp;[确定]</pre></div><p style=\"color: rgb(51, 51, 51); font-size: 14px; white-space: normal; margin: 10px auto; padding-top: 0px; padding-bottom: 0px; font-family: Verdana, Arial, Helvetica, sans-serif; line-height: 21px; background-color: rgb(255, 255, 255);\"><span style=\"font-size: 12px;\">&nbsp;</span></p><p style=\"color: rgb(51, 51, 51); font-size: 14px; white-space: normal; margin: 10px auto; padding-top: 0px; padding-bottom: 0px; font-family: Verdana, Arial, Helvetica, sans-serif; line-height: 21px; background-color: rgb(255, 255, 255);\"><span style=\"font-size: 12px;\">我们在使用mysql数据库时，都得首先启动mysqld服务，我们可以 通过&nbsp;&nbsp;<span style=\"margin: 0px; padding: 0px; color: rgb(0, 0, 255);\">chkconfig --list | grep mysqld</span>&nbsp;命令来查看mysql服务是不是开机自动启动，如：</span></p><p style=\"color: rgb(51, 51, 51); font-size: 14px; white-space: normal; margin: 10px auto; padding-top: 0px; padding-bottom: 0px; font-family: Verdana, Arial, Helvetica, sans-serif; line-height: 21px; background-color: rgb(255, 255, 255);\"><span style=\"font-size: 12px;\">&nbsp;</span></p><div class=\"cnblogs_code\" style=\"color: rgb(51, 51, 51); font-size: 14px; line-height: 26px; white-space: normal; margin: 5px 0px; padding: 5px; border: 1px solid rgb(204, 204, 204); overflow: auto; font-family: &#39;Courier New&#39; !important; background-color: rgb(245, 245, 245);\"><pre style=\"white-space: pre-wrap; word-wrap: break-word; margin-top: 0px; margin-bottom: 0px; padding: 0px; font-family: &#39;Courier New&#39; !important;\">[root@xiaoluo&nbsp;~]#&nbsp;chkconfig&nbsp;--list&nbsp;|&nbsp;grep&nbsp;mysqld\r\nmysqld&nbsp;&nbsp;&nbsp;&nbsp;&nbsp;&nbsp;&nbsp;&nbsp;&nbsp;&nbsp;&nbsp;&nbsp;&nbsp;0:关闭&nbsp;&nbsp;&nbsp;&nbsp;1:关闭&nbsp;&nbsp;&nbsp;&nbsp;2:关闭&nbsp;&nbsp;&nbsp;&nbsp;3:关闭&nbsp;&nbsp;&nbsp;&nbsp;4:关闭&nbsp;&nbsp;&nbsp;&nbsp;5:关闭&nbsp;&nbsp;&nbsp;&nbsp;6:关闭</pre></div><p style=\"color: rgb(51, 51, 51); font-size: 14px; white-space: normal; margin: 10px auto; padding-top: 0px; padding-bottom: 0px; font-family: Verdana, Arial, Helvetica, sans-serif; line-height: 21px; background-color: rgb(255, 255, 255);\"><span style=\"font-size: 12px;\">&nbsp;</span></p><p style=\"color: rgb(51, 51, 51); font-size: 14px; white-space: normal; margin: 10px auto; padding-top: 0px; padding-bottom: 0px; font-family: Verdana, Arial, Helvetica, sans-serif; line-height: 21px; background-color: rgb(255, 255, 255);\"><span style=\"font-size: 12px;\">我们发现mysqld服务并没有开机自动启动，我们当然可以通过&nbsp;<span style=\"margin: 0px; padding: 0px; color: rgb(0, 0, 255);\">chkconfig mysqld on</span>&nbsp;命令来将其设置成开机启动，这样就不用每次都去手动启动了</span></p><p style=\"color: rgb(51, 51, 51); font-size: 14px; white-space: normal; margin: 10px auto; padding-top: 0px; padding-bottom: 0px; font-family: Verdana, Arial, Helvetica, sans-serif; line-height: 21px; background-color: rgb(255, 255, 255);\"><span style=\"font-size: 12px;\">&nbsp;</span></p><div class=\"cnblogs_code\" style=\"color: rgb(51, 51, 51); font-size: 14px; line-height: 26px; white-space: normal; margin: 5px 0px; padding: 5px; border: 1px solid rgb(204, 204, 204); overflow: auto; font-family: &#39;Courier New&#39; !important; background-color: rgb(245, 245, 245);\"><pre style=\"white-space: pre-wrap; word-wrap: break-word; margin-top: 0px; margin-bottom: 0px; padding: 0px; font-family: &#39;Courier New&#39; !important;\">[root@xiaoluo&nbsp;~]#&nbsp;chkconfig&nbsp;mysqld&nbsp;on\r\n[root@xiaoluo&nbsp;~]#&nbsp;chkconfig&nbsp;--list&nbsp;|&nbsp;grep&nbsp;mysql\r\nmysqld&nbsp;&nbsp;&nbsp;&nbsp;&nbsp;&nbsp;&nbsp;&nbsp;&nbsp;&nbsp;&nbsp;&nbsp;&nbsp;0:关闭&nbsp;&nbsp;&nbsp;&nbsp;1:关闭&nbsp;&nbsp;&nbsp;&nbsp;2:启用&nbsp;&nbsp;&nbsp;&nbsp;3:启用&nbsp;&nbsp;&nbsp;&nbsp;4:启用&nbsp;&nbsp;&nbsp;&nbsp;5:启用&nbsp;&nbsp;&nbsp;&nbsp;6:关闭</pre></div><p style=\"color: rgb(51, 51, 51); font-size: 14px; white-space: normal; margin: 10px auto; padding-top: 0px; padding-bottom: 0px; font-family: Verdana, Arial, Helvetica, sans-serif; line-height: 21px; background-color: rgb(255, 255, 255);\"><span style=\"font-size: 12px;\">&nbsp;</span></p><p style=\"color: rgb(51, 51, 51); font-size: 14px; white-space: normal; margin: 10px auto; padding-top: 0px; padding-bottom: 0px; font-family: Verdana, Arial, Helvetica, sans-serif; line-height: 21px; background-color: rgb(255, 255, 255);\"><span style=\"font-size: 12px;\">mysql数据库安装完以后只会有一个root管理员账号，但是此时的root账号还并没有为其设置密码，在第一次启动mysql服务时，会进行数据库的一些初始化工作，在输出的一大串信息中，我们看到有这样一行信息 ：</span></p><p style=\"color: rgb(51, 51, 51); font-size: 14px; white-space: normal; margin: 10px auto; padding-top: 0px; padding-bottom: 0px; font-family: Verdana, Arial, Helvetica, sans-serif; line-height: 21px; background-color: rgb(255, 255, 255);\"><span style=\"font-size: 12px;\">&nbsp;</span></p><div class=\"cnblogs_code\" style=\"color: rgb(51, 51, 51); font-size: 14px; line-height: 26px; white-space: normal; margin: 5px 0px; padding: 5px; border: 1px solid rgb(204, 204, 204); overflow: auto; font-family: &#39;Courier New&#39; !important; background-color: rgb(245, 245, 245);\"><pre style=\"white-space: pre-wrap; word-wrap: break-word; margin-top: 0px; margin-bottom: 0px; padding: 0px; font-family: &#39;Courier New&#39; !important;\">/usr/bin/mysqladmin&nbsp;-u&nbsp;root&nbsp;password&nbsp;&#39;new-password&#39;　　//&nbsp;为root账号设置密码</pre></div><p style=\"color: rgb(51, 51, 51); font-size: 14px; white-space: normal; margin: 10px auto; padding-top: 0px; padding-bottom: 0px; font-family: Verdana, Arial, Helvetica, sans-serif; line-height: 21px; background-color: rgb(255, 255, 255);\"><span style=\"font-size: 12px;\">&nbsp;</span></p><p style=\"color: rgb(51, 51, 51); font-size: 14px; white-space: normal; margin: 10px auto; padding-top: 0px; padding-bottom: 0px; font-family: Verdana, Arial, Helvetica, sans-serif; line-height: 21px; background-color: rgb(255, 255, 255);\"><span style=\"font-size: 12px;\">所以我们可以通过 该命令来给我们的root账号设置密码(<span style=\"margin: 0px; padding: 0px;\">注意</span>：<span style=\"margin: 0px; padding: 0px; color: rgb(0, 0, 255);\">这个root账号是mysql的root账号，非Linux的root账号</span>)</span></p><p style=\"color: rgb(51, 51, 51); font-size: 14px; white-space: normal; margin: 10px auto; padding-top: 0px; padding-bottom: 0px; font-family: Verdana, Arial, Helvetica, sans-serif; line-height: 21px; background-color: rgb(255, 255, 255);\"><span style=\"font-size: 12px;\">&nbsp;</span></p><div class=\"cnblogs_code\" style=\"color: rgb(51, 51, 51); font-size: 14px; line-height: 26px; white-space: normal; margin: 5px 0px; padding: 5px; border: 1px solid rgb(204, 204, 204); overflow: auto; font-family: &#39;Courier New&#39; !important; background-color: rgb(245, 245, 245);\"><pre style=\"white-space: pre-wrap; word-wrap: break-word; margin-top: 0px; margin-bottom: 0px; padding: 0px; font-family: &#39;Courier New&#39; !important;\">[root@xiaoluo&nbsp;~]#&nbsp;mysqladmin&nbsp;-u&nbsp;root&nbsp;password&nbsp;&#39;root&#39;　　//&nbsp;通过该命令给root账号设置密码为&nbsp;root</pre></div><p style=\"color: rgb(51, 51, 51); font-size: 14px; white-space: normal; margin: 10px auto; padding-top: 0px; padding-bottom: 0px; font-family: Verdana, Arial, Helvetica, sans-serif; line-height: 21px; background-color: rgb(255, 255, 255);\"><span style=\"font-size: 12px;\">&nbsp;</span></p><p style=\"color: rgb(51, 51, 51); font-size: 14px; white-space: normal; margin: 10px auto; padding-top: 0px; padding-bottom: 0px; font-family: Verdana, Arial, Helvetica, sans-serif; line-height: 21px; background-color: rgb(255, 255, 255);\"><span style=\"font-size: 12px;\">此时我们就可以通过<span style=\"margin: 0px; padding: 0px; color: rgb(0, 0, 255);\">&nbsp;mysql -u root -p</span>&nbsp;命令来登录我们的mysql数据库了</span></p><p style=\"color: rgb(51, 51, 51); font-size: 14px; white-space: normal; margin: 10px auto; padding-top: 0px; padding-bottom: 0px; font-family: Verdana, Arial, Helvetica, sans-serif; line-height: 21px; background-color: rgb(255, 255, 255);\"><span style=\"font-size: 12px;\">&nbsp;</span></p><p style=\"color: rgb(51, 51, 51); font-size: 14px; white-space: normal; margin: 10px auto; padding-top: 0px; padding-bottom: 0px; font-family: Verdana, Arial, Helvetica, sans-serif; line-height: 21px; background-color: rgb(255, 255, 255);\"><span style=\"font-size: 12px;\"><img src=\"/ueditor/jsp/upload/image/20170829/1504007712875089794.jpg\" alt=\"\"/></span></p><p style=\"color: rgb(51, 51, 51); font-size: 14px; white-space: normal; margin: 10px auto; padding-top: 0px; padding-bottom: 0px; font-family: Verdana, Arial, Helvetica, sans-serif; line-height: 21px; background-color: rgb(255, 255, 255);\"><span style=\"margin: 0px; padding: 0px;\"><span style=\"margin: 0px; padding: 0px;\"><span style=\"font-size: 12px;\">五、mysql数据库的主要配置文件</span></span></span></p><p style=\"color: rgb(51, 51, 51); font-size: 14px; white-space: normal; margin: 10px auto; padding-top: 0px; padding-bottom: 0px; font-family: Verdana, Arial, Helvetica, sans-serif; line-height: 21px; background-color: rgb(255, 255, 255);\"><span style=\"font-size: 12px;\">1.<span style=\"margin: 0px; padding: 0px;\"><span style=\"margin: 0px; padding: 0px; color: rgb(0, 0, 255);\">/etc/my.cnf</span></span>&nbsp;这是mysql的主配置文件</span></p><p style=\"color: rgb(51, 51, 51); font-size: 14px; white-space: normal; margin: 10px auto; padding-top: 0px; padding-bottom: 0px; font-family: Verdana, Arial, Helvetica, sans-serif; line-height: 21px; background-color: rgb(255, 255, 255);\"><span style=\"font-size: 12px;\">我们可以查看一下这个文件的一些信息</span></p><div class=\"cnblogs_code\" style=\"color: rgb(51, 51, 51); font-size: 14px; line-height: 26px; white-space: normal; margin: 5px 0px; padding: 5px; border: 1px solid rgb(204, 204, 204); overflow: auto; font-family: &#39;Courier New&#39; !important; background-color: rgb(245, 245, 245);\"><div class=\"cnblogs_code_toolbar\" style=\"margin: 5px 0px 0px; padding: 0px;\"><span class=\"cnblogs_code_copy\" style=\"margin: 0px; padding: 0px 5px 0px 0px; line-height: 1.5 !important;\"><a target=\"_blank\" title=\"复制代码\" style=\"color: rgb(51, 102, 153); text-decoration: underline; margin: 0px; padding: 0px; border: none !important;\"><span style=\"font-size: 12px;\"><img src=\"/ueditor/jsp/upload/image/20170829/1504007712817045098.gif\" alt=\"复制代码\"/></span></a></span></div><pre style=\"white-space: pre-wrap; word-wrap: break-word; margin-top: 0px; margin-bottom: 0px; padding: 0px; font-family: &#39;Courier New&#39; !important;\"><span style=\"font-size: 12px;\">[root@xiaoluo etc]# <span style=\"margin: 0px; padding: 0px; color: rgb(0, 0, 255); line-height: 1.5 !important;\">ls</span><span style=\"margin: 0px; padding: 0px; line-height: 1.5 !important;\"> my.cnf \r\nmy.cnf<br/>[root@xiaoluo etc]# </span><span style=\"margin: 0px; padding: 0px; color: rgb(0, 0, 255); line-height: 1.5 !important;\">cat</span><span style=\"margin: 0px; padding: 0px; line-height: 1.5 !important;\"> my.cnf \r\n[mysqld]\r\ndatadir</span>=/var/lib/<span style=\"margin: 0px; padding: 0px; line-height: 1.5 !important;\">mysql\r\nsocket</span>=/var/lib/mysql/<span style=\"margin: 0px; padding: 0px; line-height: 1.5 !important;\">mysql.sock\r\nuser</span>=<span style=\"margin: 0px; padding: 0px; line-height: 1.5 !important;\">mysql\r\n# Disabling symbolic</span>-<span style=\"margin: 0px; padding: 0px; line-height: 1.5 !important;\">links is recommended to prevent assorted security risks\r\nsymbolic</span>-links=<span style=\"margin: 0px; padding: 0px; color: rgb(128, 0, 128); line-height: 1.5 !important;\">0</span><span style=\"margin: 0px; padding: 0px; line-height: 1.5 !important;\">[mysqld_safe]\r\nlog</span>-error=/var/log/<span style=\"margin: 0px; padding: 0px; line-height: 1.5 !important;\">mysqld.log\r\npid</span>-<span style=\"margin: 0px; padding: 0px; color: rgb(0, 0, 255); line-height: 1.5 !important;\">file</span>=/var/run/mysqld/mysqld.pid</span></pre><div class=\"cnblogs_code_toolbar\" style=\"margin: 5px 0px 0px; padding: 0px;\"><span class=\"cnblogs_code_copy\" style=\"margin: 0px; padding: 0px 5px 0px 0px; line-height: 1.5 !important;\"><a target=\"_blank\" title=\"复制代码\" style=\"color: rgb(51, 102, 153); text-decoration: underline; margin: 0px; padding: 0px; border: none !important;\"><span style=\"font-size: 12px;\"><img src=\"/ueditor/jsp/upload/image/20170829/1504007712817045098.gif\" alt=\"复制代码\"/></span></a></span></div></div><p style=\"color: rgb(51, 51, 51); font-size: 14px; white-space: normal; margin: 10px auto; padding-top: 0px; padding-bottom: 0px; font-family: Verdana, Arial, Helvetica, sans-serif; line-height: 21px; background-color: rgb(255, 255, 255);\"><span style=\"font-size: 12px;\">2.<span style=\"margin: 0px; padding: 0px; color: rgb(0, 0, 255);\"><span style=\"margin: 0px; padding: 0px;\">/var/lib/mysql</span></span>&nbsp;&nbsp; mysql数据库的数据库文件存放位置</span></p><p style=\"color: rgb(51, 51, 51); font-size: 14px; white-space: normal; margin: 10px auto; padding-top: 0px; padding-bottom: 0px; font-family: Verdana, Arial, Helvetica, sans-serif; line-height: 21px; background-color: rgb(255, 255, 255);\"><span style=\"font-size: 12px;\">我们的mysql数据库的数据库文件通常是存放在了/ver/lib/mysql这个目录下</span></p><p style=\"color: rgb(51, 51, 51); font-size: 14px; white-space: normal; margin: 10px auto; padding-top: 0px; padding-bottom: 0px; font-family: Verdana, Arial, Helvetica, sans-serif; line-height: 21px; background-color: rgb(255, 255, 255);\"><span style=\"font-size: 12px;\">&nbsp;</span></p><div class=\"cnblogs_code\" style=\"color: rgb(51, 51, 51); font-size: 14px; line-height: 26px; white-space: normal; margin: 5px 0px; padding: 5px; border: 1px solid rgb(204, 204, 204); overflow: auto; font-family: &#39;Courier New&#39; !important; background-color: rgb(245, 245, 245);\"><div class=\"cnblogs_code_toolbar\" style=\"margin: 5px 0px 0px; padding: 0px;\"><span class=\"cnblogs_code_copy\" style=\"margin: 0px; padding: 0px 5px 0px 0px; line-height: 1.5 !important;\"><a target=\"_blank\" title=\"复制代码\" style=\"color: rgb(51, 102, 153); text-decoration: underline; margin: 0px; padding: 0px; border: none !important;\"><span style=\"font-size: 12px;\"><img src=\"/ueditor/jsp/upload/image/20170829/1504007712817045098.gif\" alt=\"复制代码\"/></span></a></span></div><pre style=\"white-space: pre-wrap; word-wrap: break-word; margin-top: 0px; margin-bottom: 0px; padding: 0px; font-family: &#39;Courier New&#39; !important;\">[root@xiaoluo&nbsp;~]#&nbsp;cd&nbsp;/var/lib/mysql/[root@xiaoluo&nbsp;mysql]#&nbsp;ls&nbsp;-l\r\n总用量&nbsp;20488-rw-rw----.&nbsp;1&nbsp;mysql&nbsp;mysql&nbsp;10485760&nbsp;4月&nbsp;&nbsp;&nbsp;6&nbsp;22:01&nbsp;ibdata1-rw-rw----.&nbsp;1&nbsp;mysql&nbsp;mysql&nbsp;&nbsp;5242880&nbsp;4月&nbsp;&nbsp;&nbsp;6&nbsp;22:01&nbsp;ib_logfile0-rw-rw----.&nbsp;1&nbsp;mysql&nbsp;mysql&nbsp;&nbsp;5242880&nbsp;4月&nbsp;&nbsp;&nbsp;6&nbsp;21:59&nbsp;ib_logfile1\r\ndrwx------.&nbsp;2&nbsp;mysql&nbsp;mysql&nbsp;&nbsp;&nbsp;&nbsp;&nbsp;4096&nbsp;4月&nbsp;&nbsp;&nbsp;6&nbsp;21:59&nbsp;mysql　　//&nbsp;这两个是mysql数据库安装时默认的两个数据库文件srwxrwxrwx.&nbsp;1&nbsp;mysql&nbsp;mysql&nbsp;&nbsp;&nbsp;&nbsp;&nbsp;&nbsp;&nbsp;&nbsp;0&nbsp;4月&nbsp;&nbsp;&nbsp;6&nbsp;22:01&nbsp;mysql.sock\r\ndrwx------.&nbsp;2&nbsp;mysql&nbsp;mysql&nbsp;&nbsp;&nbsp;&nbsp;&nbsp;4096&nbsp;4月&nbsp;&nbsp;&nbsp;6&nbsp;21:59&nbsp;test　　//&nbsp;这两个是mysql数据库安装时默认的两个数据库文件</pre><div class=\"cnblogs_code_toolbar\" style=\"margin: 5px 0px 0px; padding: 0px;\"><span class=\"cnblogs_code_copy\" style=\"margin: 0px; padding: 0px 5px 0px 0px; line-height: 1.5 !important;\"><a target=\"_blank\" title=\"复制代码\" style=\"color: rgb(51, 102, 153); text-decoration: underline; margin: 0px; padding: 0px; border: none !important;\"><span style=\"font-size: 12px;\"><img src=\"/ueditor/jsp/upload/image/20170829/1504007712817045098.gif\" alt=\"复制代码\"/></span></a></span></div></div><p style=\"color: rgb(51, 51, 51); font-size: 14px; white-space: normal; margin: 10px auto; padding-top: 0px; padding-bottom: 0px; font-family: Verdana, Arial, Helvetica, sans-serif; line-height: 21px; background-color: rgb(255, 255, 255);\"><span style=\"font-size: 12px;\">&nbsp;</span></p><p style=\"color: rgb(51, 51, 51); font-size: 14px; white-space: normal; margin: 10px auto; padding-top: 0px; padding-bottom: 0px; font-family: Verdana, Arial, Helvetica, sans-serif; line-height: 21px; background-color: rgb(255, 255, 255);\"><span style=\"font-size: 12px;\">我们可以自己创建一个数据库，来验证一下该数据库文件的存放位置</span></p><p style=\"color: rgb(51, 51, 51); font-size: 14px; white-space: normal; margin: 10px auto; padding-top: 0px; padding-bottom: 0px; font-family: Verdana, Arial, Helvetica, sans-serif; line-height: 21px; background-color: rgb(255, 255, 255);\"><span style=\"font-size: 12px;\">&nbsp;</span></p><div class=\"cnblogs_code\" style=\"color: rgb(51, 51, 51); font-size: 14px; line-height: 26px; white-space: normal; margin: 5px 0px; padding: 5px; border: 1px solid rgb(204, 204, 204); overflow: auto; font-family: &#39;Courier New&#39; !important; background-color: rgb(245, 245, 245);\"><div class=\"cnblogs_code_toolbar\" style=\"margin: 5px 0px 0px; padding: 0px;\"><span class=\"cnblogs_code_copy\" style=\"margin: 0px; padding: 0px 5px 0px 0px; line-height: 1.5 !important;\"><a target=\"_blank\" title=\"复制代码\" style=\"color: rgb(51, 102, 153); text-decoration: underline; margin: 0px; padding: 0px; border: none !important;\"><span style=\"font-size: 12px;\"><img src=\"/ueditor/jsp/upload/image/20170829/1504007712817045098.gif\" alt=\"复制代码\"/></span></a></span></div><pre style=\"white-space: pre-wrap; word-wrap: break-word; margin-top: 0px; margin-bottom: 0px; padding: 0px; font-family: &#39;Courier New&#39; !important;\">创建一个我们自己的数据库：mysql&gt;&nbsp;create&nbsp;database&nbsp;xiaoluo;\r\nQuery&nbsp;OK,&nbsp;1&nbsp;row&nbsp;affected&nbsp;(0.00&nbsp;sec)\r\n\r\n[root@xiaoluo&nbsp;mysql]#&nbsp;ls&nbsp;-l\r\n总用量&nbsp;20492-rw-rw----.&nbsp;1&nbsp;mysql&nbsp;mysql&nbsp;10485760&nbsp;4月&nbsp;&nbsp;&nbsp;6&nbsp;22:01&nbsp;ibdata1-rw-rw----.&nbsp;1&nbsp;mysql&nbsp;mysql&nbsp;&nbsp;5242880&nbsp;4月&nbsp;&nbsp;&nbsp;6&nbsp;22:01&nbsp;ib_logfile0-rw-rw----.&nbsp;1&nbsp;mysql&nbsp;mysql&nbsp;&nbsp;5242880&nbsp;4月&nbsp;&nbsp;&nbsp;6&nbsp;21:59&nbsp;ib_logfile1\r\ndrwx------.&nbsp;2&nbsp;mysql&nbsp;mysql&nbsp;&nbsp;&nbsp;&nbsp;&nbsp;4096&nbsp;4月&nbsp;&nbsp;&nbsp;6&nbsp;21:59&nbsp;mysql\r\nsrwxrwxrwx.&nbsp;1&nbsp;mysql&nbsp;mysql&nbsp;&nbsp;&nbsp;&nbsp;&nbsp;&nbsp;&nbsp;&nbsp;0&nbsp;4月&nbsp;&nbsp;&nbsp;6&nbsp;22:01&nbsp;mysql.sock\r\ndrwx------.&nbsp;2&nbsp;mysql&nbsp;mysql&nbsp;&nbsp;&nbsp;&nbsp;&nbsp;4096&nbsp;4月&nbsp;&nbsp;&nbsp;6&nbsp;21:59&nbsp;test\r\ndrwx------.&nbsp;2&nbsp;mysql&nbsp;mysql&nbsp;&nbsp;&nbsp;&nbsp;&nbsp;4096&nbsp;4月&nbsp;&nbsp;&nbsp;6&nbsp;22:15&nbsp;xiaoluo　　//&nbsp;这个就是我们刚自己创建的xiaoluo数据库[root@xiaoluo&nbsp;mysql]#&nbsp;cd&nbsp;xiaoluo/[root@xiaoluo&nbsp;xiaoluo]#&nbsp;lsdb.opt</pre><div class=\"cnblogs_code_toolbar\" style=\"margin: 5px 0px 0px; padding: 0px;\"><span class=\"cnblogs_code_copy\" style=\"margin: 0px; padding: 0px 5px 0px 0px; line-height: 1.5 !important;\"><a target=\"_blank\" title=\"复制代码\" style=\"color: rgb(51, 102, 153); text-decoration: underline; margin: 0px; padding: 0px; border: none !important;\"><span style=\"font-size: 12px;\"><img src=\"/ueditor/jsp/upload/image/20170829/1504007712817045098.gif\" alt=\"复制代码\"/></span></a></span></div></div><p style=\"color: rgb(51, 51, 51); font-size: 14px; white-space: normal; margin: 10px auto; padding-top: 0px; padding-bottom: 0px; font-family: Verdana, Arial, Helvetica, sans-serif; line-height: 21px; background-color: rgb(255, 255, 255);\"><span style=\"font-size: 12px;\">3.<span style=\"margin: 0px; padding: 0px; color: rgb(0, 0, 255);\"><span style=\"margin: 0px; padding: 0px;\">/var/log</span></span>&nbsp;mysql数据库的日志输出存放位置</span></p><p style=\"color: rgb(51, 51, 51); font-size: 14px; white-space: normal; margin: 10px auto; padding-top: 0px; padding-bottom: 0px; font-family: Verdana, Arial, Helvetica, sans-serif; line-height: 21px; background-color: rgb(255, 255, 255);\"><span style=\"font-size: 12px;\">我们的mysql数据库的一些日志输出存放位置都是在/var/log这个目录下</span></p><div class=\"cnblogs_code\" style=\"color: rgb(51, 51, 51); font-size: 14px; line-height: 26px; white-space: normal; margin: 5px 0px; padding: 5px; border: 1px solid rgb(204, 204, 204); overflow: auto; font-family: &#39;Courier New&#39; !important; background-color: rgb(245, 245, 245);\"><div class=\"cnblogs_code_toolbar\" style=\"margin: 5px 0px 0px; padding: 0px;\"><span class=\"cnblogs_code_copy\" style=\"margin: 0px; padding: 0px 5px 0px 0px; line-height: 1.5 !important;\"><a target=\"_blank\" title=\"复制代码\" style=\"color: rgb(51, 102, 153); text-decoration: underline; margin: 0px; padding: 0px; border: none !important;\"><span style=\"font-size: 12px;\"><img src=\"/ueditor/jsp/upload/image/20170829/1504007712817045098.gif\" alt=\"复制代码\"/></span></a></span></div><pre style=\"white-space: pre-wrap; word-wrap: break-word; margin-top: 0px; margin-bottom: 0px; padding: 0px; font-family: &#39;Courier New&#39; !important;\">[root@xiaoluo&nbsp;xiaoluo]#&nbsp;cd&nbsp;\r\n[root@xiaoluo&nbsp;~]#&nbsp;cd&nbsp;/var/log\r\n[root@xiaoluo&nbsp;log]#&nbsp;lsamanda&nbsp;&nbsp;&nbsp;&nbsp;&nbsp;&nbsp;&nbsp;&nbsp;&nbsp;&nbsp;&nbsp;&nbsp;&nbsp;&nbsp;&nbsp;&nbsp;cron&nbsp;&nbsp;&nbsp;&nbsp;&nbsp;&nbsp;&nbsp;&nbsp;&nbsp;&nbsp;&nbsp;maillog-20130331&nbsp;&nbsp;&nbsp;spice-vdagent.log\r\nanaconda.ifcfg.log&nbsp;&nbsp;&nbsp;&nbsp;cron-20130331&nbsp;&nbsp;mcelog&nbsp;&nbsp;&nbsp;&nbsp;&nbsp;&nbsp;&nbsp;&nbsp;&nbsp;&nbsp;&nbsp;&nbsp;&nbsp;spooler\r\nanaconda.log&nbsp;&nbsp;&nbsp;&nbsp;&nbsp;&nbsp;&nbsp;&nbsp;&nbsp;&nbsp;cups&nbsp;&nbsp;&nbsp;&nbsp;&nbsp;&nbsp;&nbsp;&nbsp;&nbsp;&nbsp;&nbsp;messages&nbsp;&nbsp;&nbsp;&nbsp;&nbsp;&nbsp;&nbsp;&nbsp;&nbsp;&nbsp;&nbsp;spooler-20130331anaconda.program.log&nbsp;&nbsp;dirsrv&nbsp;&nbsp;&nbsp;&nbsp;&nbsp;&nbsp;&nbsp;&nbsp;&nbsp;messages-20130331&nbsp;&nbsp;sssd\r\nanaconda.storage.log&nbsp;&nbsp;dmesg&nbsp;&nbsp;&nbsp;&nbsp;&nbsp;&nbsp;&nbsp;&nbsp;&nbsp;&nbsp;mysqld.log&nbsp;&nbsp;&nbsp;&nbsp;&nbsp;&nbsp;&nbsp;&nbsp;&nbsp;tallylog\r\nanaconda.syslog&nbsp;&nbsp;&nbsp;&nbsp;&nbsp;&nbsp;&nbsp;dmesg.old&nbsp;&nbsp;&nbsp;&nbsp;&nbsp;&nbsp;ntpstats&nbsp;&nbsp;&nbsp;&nbsp;&nbsp;&nbsp;&nbsp;&nbsp;&nbsp;&nbsp;&nbsp;tomcat6\r\nanaconda.xlog&nbsp;&nbsp;&nbsp;&nbsp;&nbsp;&nbsp;&nbsp;&nbsp;&nbsp;dracut.log&nbsp;&nbsp;&nbsp;&nbsp;&nbsp;piranha&nbsp;&nbsp;&nbsp;&nbsp;&nbsp;&nbsp;&nbsp;&nbsp;&nbsp;&nbsp;&nbsp;&nbsp;wpa_supplicant.log\r\nanaconda.yum.log&nbsp;&nbsp;&nbsp;&nbsp;&nbsp;&nbsp;gdm&nbsp;&nbsp;&nbsp;&nbsp;&nbsp;&nbsp;&nbsp;&nbsp;&nbsp;&nbsp;&nbsp;&nbsp;pm-powersave.log&nbsp;&nbsp;&nbsp;wtmp\r\naudit&nbsp;&nbsp;&nbsp;&nbsp;&nbsp;&nbsp;&nbsp;&nbsp;&nbsp;&nbsp;&nbsp;&nbsp;&nbsp;&nbsp;&nbsp;&nbsp;&nbsp;httpd&nbsp;&nbsp;&nbsp;&nbsp;&nbsp;&nbsp;&nbsp;&nbsp;&nbsp;&nbsp;ppp&nbsp;&nbsp;&nbsp;&nbsp;&nbsp;&nbsp;&nbsp;&nbsp;&nbsp;&nbsp;&nbsp;&nbsp;&nbsp;&nbsp;&nbsp;&nbsp;Xorg.0.log\r\nboot.log&nbsp;&nbsp;&nbsp;&nbsp;&nbsp;&nbsp;&nbsp;&nbsp;&nbsp;&nbsp;&nbsp;&nbsp;&nbsp;&nbsp;ibacm.log&nbsp;&nbsp;&nbsp;&nbsp;&nbsp;&nbsp;prelink&nbsp;&nbsp;&nbsp;&nbsp;&nbsp;&nbsp;&nbsp;&nbsp;&nbsp;&nbsp;&nbsp;&nbsp;Xorg.0.log.old\r\nbtmp&nbsp;&nbsp;&nbsp;&nbsp;&nbsp;&nbsp;&nbsp;&nbsp;&nbsp;&nbsp;&nbsp;&nbsp;&nbsp;&nbsp;&nbsp;&nbsp;&nbsp;&nbsp;lastlog&nbsp;&nbsp;&nbsp;&nbsp;&nbsp;&nbsp;&nbsp;&nbsp;sa&nbsp;&nbsp;&nbsp;&nbsp;&nbsp;&nbsp;&nbsp;&nbsp;&nbsp;&nbsp;&nbsp;&nbsp;&nbsp;&nbsp;&nbsp;&nbsp;&nbsp;Xorg.1.log\r\nbtmp-20130401&nbsp;&nbsp;&nbsp;&nbsp;&nbsp;&nbsp;&nbsp;&nbsp;&nbsp;libvirt&nbsp;&nbsp;&nbsp;&nbsp;&nbsp;&nbsp;&nbsp;&nbsp;samba&nbsp;&nbsp;&nbsp;&nbsp;&nbsp;&nbsp;&nbsp;&nbsp;&nbsp;&nbsp;&nbsp;&nbsp;&nbsp;&nbsp;Xorg.2.log\r\ncluster&nbsp;&nbsp;&nbsp;&nbsp;&nbsp;&nbsp;&nbsp;&nbsp;&nbsp;&nbsp;&nbsp;&nbsp;&nbsp;&nbsp;&nbsp;luci&nbsp;&nbsp;&nbsp;&nbsp;&nbsp;&nbsp;&nbsp;&nbsp;&nbsp;&nbsp;&nbsp;secure&nbsp;&nbsp;&nbsp;&nbsp;&nbsp;&nbsp;&nbsp;&nbsp;&nbsp;&nbsp;&nbsp;&nbsp;&nbsp;Xorg.9.log\r\nConsoleKit&nbsp;&nbsp;&nbsp;&nbsp;&nbsp;&nbsp;&nbsp;&nbsp;&nbsp;&nbsp;&nbsp;&nbsp;maillog&nbsp;&nbsp;&nbsp;&nbsp;&nbsp;&nbsp;&nbsp;&nbsp;secure-20130331&nbsp;&nbsp;&nbsp;&nbsp;yum.log</pre><div class=\"cnblogs_code_toolbar\" style=\"margin: 5px 0px 0px; padding: 0px;\"><span class=\"cnblogs_code_copy\" style=\"margin: 0px; padding: 0px 5px 0px 0px; line-height: 1.5 !important;\"><a target=\"_blank\" title=\"复制代码\" style=\"color: rgb(51, 102, 153); text-decoration: underline; margin: 0px; padding: 0px; border: none !important;\"><span style=\"font-size: 12px;\"><img src=\"/ueditor/jsp/upload/image/20170829/1504007712817045098.gif\" alt=\"复制代码\"/></span></a></span></div></div><p style=\"color: rgb(51, 51, 51); font-size: 14px; white-space: normal; margin: 10px auto; padding-top: 0px; padding-bottom: 0px; font-family: Verdana, Arial, Helvetica, sans-serif; line-height: 21px; background-color: rgb(255, 255, 255);\"><span style=\"font-size: 12px;\">&nbsp;</span></p><p style=\"color: rgb(51, 51, 51); font-size: 14px; white-space: normal; margin: 10px auto; padding-top: 0px; padding-bottom: 0px; font-family: Verdana, Arial, Helvetica, sans-serif; line-height: 21px; background-color: rgb(255, 255, 255);\"><span style=\"font-size: 12px;\">其中mysqld.log 这个文件就是我们存放我们跟mysql数据库进行操作而产生的一些日志信息，通过查看该日志文件，我们可以从中获得很多信息</span></p><p style=\"color: rgb(51, 51, 51); font-size: 14px; white-space: normal; margin: 10px auto; padding-top: 0px; padding-bottom: 0px; font-family: Verdana, Arial, Helvetica, sans-serif; line-height: 21px; background-color: rgb(255, 255, 255);\"><span style=\"font-size: 12px;\">&nbsp;</span></p><p style=\"color: rgb(51, 51, 51); font-size: 14px; white-space: normal; margin: 10px auto; padding-top: 0px; padding-bottom: 0px; font-family: Verdana, Arial, Helvetica, sans-serif; line-height: 21px; background-color: rgb(255, 255, 255);\"><span style=\"font-size: 12px;\">因为我们的mysql数据库是可以通过网络访问的，并不是一个单机版数据库，其中使用的协议是 tcp/ip 协议，我们都知道mysql数据库绑定的端口号是 3306 ，所以我们可以通过&nbsp;<span style=\"margin: 0px; padding: 0px; color: rgb(0, 0, 255);\">netstat -anp</span>&nbsp;命令来查看一下，Linux系统是否在监听 3306 这个端口号：</span></p><p style=\"color: rgb(51, 51, 51); font-size: 14px; white-space: normal; margin: 10px auto; padding-top: 0px; padding-bottom: 0px; font-family: Verdana, Arial, Helvetica, sans-serif; line-height: 21px; background-color: rgb(255, 255, 255);\"><span style=\"font-size: 12px;\"><img src=\"/ueditor/jsp/upload/image/20170829/1504007713150045993.jpg\" alt=\"\"/></span></p><p style=\"color: rgb(51, 51, 51); font-size: 14px; white-space: normal; margin: 10px auto; padding-top: 0px; padding-bottom: 0px; font-family: Verdana, Arial, Helvetica, sans-serif; line-height: 21px; background-color: rgb(255, 255, 255);\"><span style=\"font-size: 12px;\">结果如上所示，Linux系统监听的3306端口号就是我们的mysql数据库！！！！</span></p><div><span style=\"font-size: 12px;\"><br/></span></div><p><span style=\"color: rgb(51, 51, 51); font-family: Arial; line-height: 26px; font-size: 12px; background-color: rgb(255, 255, 255);\"></span></p><p><br/></p>', 'DS2000,C&C++,Linux', 'private', 'publish', '0', '0', '丁庆发', 'dingqingfa@star-net.cn', '2017-08-29 19:55:47', 'dingqingfa@star-net.cn', '2017-08-29 19:55:47', '0');
INSERT INTO `article` VALUES ('A17083010494502', '两个朋友', 'Java     循环  结构 – for, while 及 do…while | 菜鸟教程        Java     循环  结构 - for, while 及 do...while 顺序结构的程序语句只能被执行一次。如果您想要同样的操作执行多次,,就需要使用  循环  结构。   Java  中有三种主要的  循环  ...  www.runoob.com/  java  /ja...&nbsp;          &nbsp;-&nbsp;  百度快照      为您推荐：  java 循环    java while循环例子    java case switch  ...', '<h3><a href=\"http://www.baidu.com/link?url=pWoPsM4rEC7m0qdaWsj1wo30f-K5Plkonw9lCTS9oqGFOGzhNU_ymPDewUougi1BbFwggFMqqJ3ERu0Uv7wL6q&wd=&eqid=9ef774e000038a280000000659a61d6c\" target=\"_blank\"><em>Java</em> <em>循环</em>结构 – for, while 及 do…while | 菜鸟教程</a></h3><p><em>Java</em> <em>循环</em>结构 - for, while 及 do...while 顺序结构的程序语句只能被执行一次。如果您想要同样的操作执行多次,,就需要使用<em>循环</em>结构。 <em>Java</em>中有三种主要的<em>循环</em>...<a href=\"http://www.baidu.com/link?url=pWoPsM4rEC7m0qdaWsj1wo30f-K5Plkonw9lCTS9oqGFOGzhNU_ymPDewUougi1BbFwggFMqqJ3ERu0Uv7wL6q\" target=\"_blank\">www.runoob.com/<strong>java</strong>/ja...&nbsp;</a><a><em class=\"c-icon c-icon-triangle-down-g\"></em></a>&nbsp;-&nbsp;<a href=\"http://cache.baiducontent.com/c?m=9f65cb4a8c8507ed4fece763105392230e54f7237b8b8d482fc3933fc239045c1f35a7e83a7a434080d27c115ff2141efdf04128715c7ea3de95c81cd2e3c16c7c9f2745676a855661a50edfbb5155c4&p=882a9645d6850be51abcc7710f64c9&newp=927b861a86cc42af58b4c7710f0890231610db2151dcd001298ffe0cc4241a1a1a3aecbf2125140fd2c5796d04aa4e5fecfa3174310034f1f689df08d2ecce7e76&user=baidu&fm=sc&query=java+%D1%AD%BB%B7&qid=9ef774e000038a28&p1=1\" target=\"_blank\">百度快照</a><em class=\"c-icon c-icon-bear-circle c-gap-right-small\"></em>为您推荐：<a title=\"java 循环\" href=\"https://www.baidu.com/s?tn=baidu&rsv_idx=1&wd=java%20%E5%BE%AA%E7%8E%AF&rsv_crq=6&bs=java%20%E5%BE%AA%E7%8E%AF\" target=\"_blank\">java 循环</a><a title=\"java while循环例子\" href=\"https://www.baidu.com/s?tn=baidu&rsv_idx=1&wd=java%20while%E5%BE%AA%E7%8E%AF%E4%BE%8B%E5%AD%90&rsv_crq=6&bs=java%20%E5%BE%AA%E7%8E%AF\" target=\"_blank\">java while循环例子</a><a title=\"java case switch\" href=\"https://www.baidu.com/s?tn=baidu&rsv_idx=1&wd=java%20case%20switch&rsv_crq=6&bs=java%20%E5%BE%AA%E7%8E%AF\" target=\"_blank\">java case switch</a><a title=\"java if\" href=\"https://www.baidu.com/s?tn=baidu&rsv_idx=1&wd=java%20if&rsv_crq=6&bs=java%20%E5%BE%AA%E7%8E%AF\" target=\"_blank\">java if</a></p><h3><a href=\"http://www.baidu.com/link?url=krjrqouILcv4GqL2Vqewok_qQPUxhNf-aD-uL6rEMfd6CnrNbZWwLo7dKv48Fxlk\" target=\"_blank\"><em>Java</em> 8:不要再用<em>循环</em>了 - ImportNew</a></h3><p><a style=\"height: 75px\" href=\"http://www.baidu.com/link?url=krjrqouILcv4GqL2Vqewok_qQPUxhNf-aD-uL6rEMfd6CnrNbZWwLo7dKv48Fxlk\" target=\"_blank\"><img class=\"c-img c-img6\" src=\"/ueditor/jsp/upload/image/20170830/1504061376405003773.jpg\"/></a>每个例子都会包含一个使用传统<em>循环</em>的方案和一个使用<em>Java</em> 8新特性的方案。在第一个例子里,我们要在集合中查找包含“<em>Java</em>”标签的第一篇文章。...<a href=\"http://www.baidu.com/link?url=krjrqouILcv4GqL2Vqewok_qQPUxhNf-aD-uL6rEMfd6CnrNbZWwLo7dKv48Fxlk\" target=\"_blank\">www.importnew.com/148....&nbsp;</a><a><em class=\"c-icon c-icon-triangle-down-g\"></em></a>&nbsp;-&nbsp;<a href=\"http://cache.baiducontent.com/c?m=9f65cb4a8c8507ed4fece763105392230e54f73863958d553988c40d84642c101a39feb821281607c4c50b3d47f01748afad7624385b73f3c8df883bcacd913f5cfe3044000bf644&p=882a9645d78212a05aaa853555009f&newp=9a6cdf16d9c11eb31bbd9b7d0d178a231610db2151d4d0146b82c825d7331b001c3bbfb423241701d0c17e6d01a44b5ae8f23276300723a3dda5c91d9fb4c57479d73b77&user=baidu&fm=sc&query=java+%D1%AD%BB%B7&qid=9ef774e000038a28&p1=2\" target=\"_blank\">百度快照</a></p><h3><a href=\"http://www.baidu.com/link?url=RCtDvBEWhZS6nA7hQkLnO5ACb_8WokrJKwnIx7V8xv_LdwwD-sXAFGYZ6TT-OXnyuPnIX3xF6coyZ7PQouPPyq\" target=\"_blank\"><em>Java for循环</em>的几种用法详解 - 飞鸟各投林 - 博客园</a></h3><p><span class=\" newTimeFactor_before_abs m\">2016年4月10日&nbsp;-&nbsp;</span>本文非常适合初学<em>Java</em>的程序员,主要是来了解一下<em>Java</em>中的几种for<em>循环</em>用法,分析得十分详细,一起来看看。 J2SE 1.5提供了另一种形式的for<em>循环</em>。借助这种...<a href=\"http://www.baidu.com/link?url=RCtDvBEWhZS6nA7hQkLnO5ACb_8WokrJKwnIx7V8xv_LdwwD-sXAFGYZ6TT-OXnyuPnIX3xF6coyZ7PQouPPyq\" target=\"_blank\">www.cnblogs.com/helloc...&nbsp;</a><a><em class=\"c-icon c-icon-triangle-down-g\"></em></a>&nbsp;-&nbsp;<a href=\"http://cache.baiducontent.com/c?m=9f65cb4a8c8507ed4fece763105392230e54f73260878e482a958448e435061e5a3cb4e5797f415e849920345db20b41edf13373340924a09bbfd20c82e5866d72c8713b284fc21205d368b8bd4532b256872a99b869e2&p=882a9644d78212a05aaa853555009f&newp=9a6cdf16d9c11eb31bbd9b7d0c178a231610db2151d7db176b82c825d7331b001c3bbfb42324170ed5ce786201af4c56eafb3572300021a3dda5c91d9fb4c57479d73b77&user=baidu&fm=sc&query=java+%D1%AD%BB%B7&qid=9ef774e000038a28&p1=3\" target=\"_blank\">百度快照</a></p><h3><a href=\"http://www.baidu.com/link?url=ncoJBueYvs8-q3gfe8cLiz8uiTgpaGdIIiTAz1wtqK1f_0agDuiOOI-QARqRfBimtFekdZKRLKo4idDyFUVZPboZfnMtwXldOxTlxRIkPTm\" target=\"_blank\"><em>java</em>中三种<em>循环</em>的区别_百度知道</a></h3><p class=\"f13 m\">2个回答 - 提问时间: 2016年02月01日</p><p>最佳答案: while(条件){<em>循环</em>体} 先判断条件,满足就执行<em>循环</em>体,不满足则退出; do{<em>循环</em>体}while(条件) 先执行一次<em>循环</em>体,再判断条件,如果条件满足,继续执行,不...<a href=\"http://www.baidu.com/link?url=ncoJBueYvs8-q3gfe8cLiz8uiTgpaGdIIiTAz1wtqK1f_0agDuiOOI-QARqRfBimtFekdZKRLKo4idDyFUVZPboZfnMtwXldOxTlxRIkPTm\" target=\"_blank\">zhidao.baidu.com/link?...&nbsp;</a><a><em class=\"c-icon c-icon-triangle-down-g\"></em></a></p><table class=\"subLink_factory subLink_factory_right\"><tbody><tr class=\"firstRow\"><td class=\"first c-default \"><a href=\"http://www.baidu.com/link?url=eA2CQYq3Ur8GmfqjD9TsfpOG8oLozgrF9sJG-i4O7cSrUUVW_ZEEQm_t1sOtO8pNQ4am4N_a4ZJ9h9-jSozlQtvAeSHYbexM60L3Kc2Gr-m\" target=\"_blank\"><em>java循环</em>语句的两种方法</a></td><td class=\"middle c-default \">6个回答</td><td class=\"last c-default rightTd\">2015-11-13</td></tr><tr><td class=\"first c-default \"><a href=\"http://www.baidu.com/link?url=Lj1qHE7L75tq-6hJ2-iBNx6CUgYNV96Rlg6cwYz3OfAIWTvHigWBOMqEfRiNdyt2uXIdj7hS-4WIhNL-cxUHpK\" target=\"_blank\"><em>java</em>的几种<em>循环</em>有啥区别</a></td><td class=\"middle c-default \">2个回答</td><td class=\"last c-default rightTd\">2013-08-10</td></tr><tr><td class=\"first c-default \"><a href=\"http://www.baidu.com/link?url=eA2CQYq3Ur8GmfqjD9TsfpOG8oLozgrF9sJG-i4O7cSrUUVW_ZEEQm_t1sOtO8pNfwsHqOhf3-YHigMYEurMvtHTI6N4akpzJkZePcSmluq\" target=\"_blank\"><em>java</em> <em>循环</em>里的是什么意思!</a></td><td class=\"middle c-default \">4个回答</td><td class=\"last c-default rightTd\">2015-12-08</td></tr></tbody></table><p><a href=\"http://www.baidu.com/link?url=Bxxw62xaMxGwYS96BYSnNrUzCe8C--uG2iq9-S_0nbj4MhzYE9Kds0d0_WjNiReedgH1w54ziNCr3pJ5EaNwESHjOi80MRUOfQRKm5KmOQ56tDU2E83804JpMUJij7ri\" target=\"_blank\">更多知道相关问题&gt;&gt;</a></p><h3><a href=\"http://www.baidu.com/link?url=LQDyjk8LvmptiSvX5IeCeyL9VR0LxM9jmaBd3WakZGEv2iF6CbQfQbt31HrJP0-xeTZ7vGuq9J9JxDUkuL-XPa\" target=\"_blank\"><em>Java for循环</em>的几种用法 - 字无忌 - 博客园</a></h3><p><span class=\" newTimeFactor_before_abs m\">2016年12月20日&nbsp;-&nbsp;</span><em>Java</em>采用“for”(而不是意义更明确的“foreach”)来引导这种一般被叫做“for-each<em>循环</em>”的<em>循环</em>,并使用“:”(而不是意义更明确的“in”)来分割<em>循环</em>变量...<a href=\"http://www.baidu.com/link?url=LQDyjk8LvmptiSvX5IeCeyL9VR0LxM9jmaBd3WakZGEv2iF6CbQfQbt31HrJP0-xeTZ7vGuq9J9JxDUkuL-XPa\" target=\"_blank\">www.cnblogs.com/jtlgb/...&nbsp;</a><a><em class=\"c-icon c-icon-triangle-down-g\"></em></a>&nbsp;-&nbsp;<a href=\"http://cache.baiducontent.com/c?m=9d78d513d99b12eb0bfa940f1a60d4716a2297134cc0a0106b93d3169c3e1d070571e2c83a3f554196d27c1050f31902b7a57765377471eac4d5d00c83eec2356d952334721c834218c419d891007a9f&p=882a9644d0d05de90db9c7710f578e&newp=91769a478f830be91fbd9b7d0c10c1231610db2151d6d01e6b82c825d7331b001c3bbfb42324170ed7ce7d6404a54356e9fb3d783d052ba3dda5c91d9fb4c57479d1677e365b&user=baidu&fm=sc&query=java+%D1%AD%BB%B7&qid=9ef774e000038a28&p1=5\" target=\"_blank\">百度快照</a></p><h3><a href=\"http://www.baidu.com/link?url=jEpabEykzlAU3FSIuQmjoj5cZsfzP34XIw-ych8ILuTTIAJ_ZQL08vV7FqnnlhBBElvsZoG55zhVIJ9XLnajQ_\" target=\"_blank\"><em>Java循环</em>for, while和do...while - <em>Java</em>教程™</a></h3><p>可能存在一种情况,当我们需要执行的代码块数次,并且通常被称为一个<em>循环</em>。 <em>Java</em>有非常灵活的三<em>循环</em>机制。可以使用以下三种<em>循环</em>之一: while <em>循环</em> do...while <em>循环</em>...<a href=\"http://www.baidu.com/link?url=jEpabEykzlAU3FSIuQmjoj5cZsfzP34XIw-ych8ILuTTIAJ_ZQL08vV7FqnnlhBBElvsZoG55zhVIJ9XLnajQ_\" target=\"_blank\">www.yiibai.com/<strong>java</strong>/ja...&nbsp;</a><a><em class=\"c-icon c-icon-triangle-down-g\"></em></a>&nbsp;-&nbsp;<a href=\"http://cache.baiducontent.com/c?m=9f65cb4a8c8507ed4fece763105392230e54f728678c804624c3933fc239045c1f35a7e83a7a434080d27b135ff2141efdf742236a5f66f7c6969f4aaae1d477719c6269304a891941974ab8cb3732b72387299fb86997ad8037&p=84769a47829c09ff57ee947c564296&newp=8a3dc64ad48813e008e2977e0f4982231610db2151d4d7176b82c825d7331b001c3bbfb423241701d0c17e6d01a44b5ae8f23276300723a3dda5c91d9fb4c57479c3757b&user=baidu&fm=sc&query=java+%D1%AD%BB%B7&qid=9ef774e000038a28&p1=6\" target=\"_blank\">百度快照</a></p><h3><a href=\"http://www.baidu.com/link?url=CxUu0VkZp1XAn-1yB2Gw8192Z4ZYUGEVf1RK6qUu2lQMnX5xr21rFPf844DlWAu0KqRgR0VDCREmVsz_Em30rq\" target=\"_blank\"><em>java for循环</em>的几种写法 - 飘飘雪 - 博客园</a></h3><p><span class=\" newTimeFactor_before_abs m\">2016年4月11日&nbsp;-&nbsp;</span><em>java for循环</em>的几种写法 J2SE 1.5提供了另一种形式的for<em>循环</em>。借助这种形式的for<em>循环</em>,可以用更简单地方式来遍历数组和Collection等类型的对象。本文介...<a href=\"http://www.baidu.com/link?url=CxUu0VkZp1XAn-1yB2Gw8192Z4ZYUGEVf1RK6qUu2lQMnX5xr21rFPf844DlWAu0KqRgR0VDCREmVsz_Em30rq\" target=\"_blank\">www.cnblogs.com/wangcp...&nbsp;</a><a><em class=\"c-icon c-icon-triangle-down-g\"></em></a>&nbsp;-&nbsp;<a href=\"http://cache.baiducontent.com/c?m=9d78d513d99b12eb0bfa940f1a60d4716a2297134cc0a0106b93d3169c3e1d070571e2c83a3f554196d27c1050f31902b7a57765377471eac4d5cd1981eec36a38885134721f805c50ce1eaece4d25c32a875a9ef55fb8e4&p=9039c64ad4934eac59eb85601648c9&newp=8c3dcc53ce904ead08e2977f0b4dc1231610db2151d6d5156b82c825d7331b001c3bbfb42324170ed7ce7d6404a54356e9fb3d783d052ba3dda5c91d9fb4c57479&user=baidu&fm=sc&query=java+%D1%AD%BB%B7&qid=9ef774e000038a28&p1=7\" target=\"_blank\">百度快照</a></p><h3><a href=\"http://www.baidu.com/link?url=2MtXcnPQuqln7_XBDsYEvZAwG1rHUFrU0hfwRf9c_O1wdNwrgoJFrk-7xLLaOF4Nqyo0XlTMb1FwtwJ5p20LN_\" target=\"_blank\"><em>java循环</em>某年某月的所有天数 - 云淡风轻、仅此一抹 - CSDN博客</a></h3><p><span class=\" newTimeFactor_before_abs m\">2014年3月9日&nbsp;-&nbsp;</span>转载请注明出处:<em>java循环</em>某年某月的所有天数 &nbsp;package com.zuidaima.date; import <em>java</em>.text.ParseException; import <em>java</em>.util.Calendar; public cla...<a href=\"http://www.baidu.com/link?url=2MtXcnPQuqln7_XBDsYEvZAwG1rHUFrU0hfwRf9c_O1wdNwrgoJFrk-7xLLaOF4Nqyo0XlTMb1FwtwJ5p20LN_\" target=\"_blank\">blog.csdn.net/yaerfeng...&nbsp;</a><a><em class=\"c-icon c-icon-triangle-down-g\"></em></a>&nbsp;-&nbsp;<a href=\"http://cache.baiducontent.com/c?m=9d78d513d99b12eb0bfa940f1a60d4716a2297134cc0a0106b93d3169c3e1d070571e2c83a3f405a8e906b6776fe080ab6e736056b5466aad09bdf0a89ecce7d32db67722b4dd8160f854ee9981d7b803d9058e3ae1ce0bff7&p=9039c64ad4934eac58e785601648c9&newp=8c3dcc53ce904ead08e2977e074dc1231610db2151d0da01298ffe0cc4241a1a1a3aecbf2125140fd2c5796d04aa4e5fecfa3174310034f1f689df08d2ecce7e&user=baidu&fm=sc&query=java+%D1%AD%BB%B7&qid=9ef774e000038a28&p1=8\" target=\"_blank\">百度快照</a></p><h3><a href=\"http://www.baidu.com/link?url=DQS7iVZAn9-2DQwIDh90noBfJiIgws3UjjXKnj_I7A2E_bH1MVsEr65ZNCjKcBeq\" target=\"_blank\"><em>Java for循环</em>的几种用法分析_<em>java</em>_脚本之家</a></h3><p><span class=\" newTimeFactor_before_abs m\">2013年4月22日&nbsp;-&nbsp;</span>本篇文章小编为大家介绍,<em>Java for循环</em>的几种用法分析。需要的朋友参考下... 本篇文章小编为大家介绍,<em>Java for循环</em>的几种用法分析。需要的朋友参考下...<a href=\"http://www.baidu.com/link?url=DQS7iVZAn9-2DQwIDh90noBfJiIgws3UjjXKnj_I7A2E_bH1MVsEr65ZNCjKcBeq\" target=\"_blank\">www.jb51.net/article/3...&nbsp;</a><a><em class=\"c-icon c-icon-triangle-down-g\"></em></a>&nbsp;-&nbsp;<a href=\"http://cache.baiducontent.com/c?m=9d78d513d99b12eb0bfa940f1a60d4716a2297134cc0a0106b93d3169c3e1d070571e2c83a3f554196d27c1059ff4e5ffdf0412e60453de4db8ed31b83ec8f2928822d32671cf11b548c&p=cb3dc64ad48811a05bed963a570d81&newp=c6769a47ce934eac58ef8f371c0e89231610db2151d4d6176b82c825d7331b001c3bbfb423241701d0c17e6d01a44b5ae8f23276300723a3dda5c91d9fb4c5747990&user=baidu&fm=sc&query=java+%D1%AD%BB%B7&qid=9ef774e000038a28&p1=9\" target=\"_blank\">百度快照</a></p><h3><a href=\"http://www.baidu.com/link?url=T3K2gdt8mb8C7c6Czh5BQi1L2dPF-Cg9N5UpyCsLsbqRp9Rb6WbIsHs0iOZ68FL5QdiZ-a5-D9slJ6C3djbR1lKIa7CDcedPvzU3IQD2AHm\" target=\"_blank\"><em>java循环</em>语句_百度文库</a></h3><p style=\"padding-top: 3px\"><span class=\"c-icon c-icon-star-gray\"></span>&nbsp;评分:2.5/5&nbsp;4页</p><p><span class=\" newTimeFactor_before_abs m\">2012年12月24日&nbsp;-&nbsp;</span><em>java循环</em>语句_计算机软件及应用_IT/计算机_专业资料。<em>JAVA</em>12.27.2011 上午:一. <em>循环</em>语句: 1. for()语句 小贴士:局部变量都必须要赋初值,例如上图的变...<a href=\"http://www.baidu.com/link?url=T3K2gdt8mb8C7c6Czh5BQi1L2dPF-Cg9N5UpyCsLsbqRp9Rb6WbIsHs0iOZ68FL5QdiZ-a5-D9slJ6C3djbR1lKIa7CDcedPvzU3IQD2AHm\" target=\"_blank\">https://wenku.baidu.com/view/5...&nbsp;</a><a><em class=\"c-icon c-icon-triangle-down-g\"></em></a><span class=\"c-trust-as vstar \"><a class=\"c-icon c-icon-v c-icon-v3\" href=\"https://www.baidu.com/s?wd=%E5%8C%97%E4%BA%AC%E7%99%BE%E5%BA%A6%E7%BD%91%E8%AE%AF%E7%A7%91%E6%8A%80%E6%9C%89%E9%99%90%E5%85%AC%E5%8F%B8@v&vmp_ec=eaca412702001558b6806cf692642samX3NJd6adcbde7fQ1=e1=LvtbbLcWJRmmh3d4e9Xl9e13c8125276ad1a&vmp_ectm=1504001029&from=vs&product=v&rsv_dl=0_left_v_3\" target=\"_blank\"></a></span></p><table class=\"subLink_factory subLink_factory_right\"><tbody><tr class=\"firstRow\"><td class=\"first c-default \"><a href=\"http://www.baidu.com/link?url=4do01ULkGv1Vnf9lSnNG_6xGbCJgDOucgDa8QArm3N7M6IncwQ1FiF2kAbUWUg8BA0D_TkpMF4lCp3ZzJ761URao8B-t0XYEEewTPiAr18O\" target=\"_blank\"><em>java</em>常见集合的<em>循环</em>输出方式.doc</a></td><td class=\"middle c-default \">评分:5/5</td><td class=\"last c-default rightTd\">4页</td></tr></tbody></table><p><a href=\"http://www.baidu.com/link?url=Lj1qHE7L75tq-6hJ2-iBN5OaMqOz2jnloFc3V-Vmt8RT021V_ifaandrGrIlHZiWYhlNt__6qgwKEqzZit8KHoac7aoi97m9p-jR00Q7DBogyLEOYqkf-DizmPUI6oNQ\" target=\"_blank\">更多文库相关文档&gt;&gt;</a>相关搜索</p><table><tbody><tr class=\"firstRow\"><th><a href=\"https://www.baidu.com/s?wd=java%20while%E5%BE%AA%E7%8E%AF&rsf=1&rsp=0&f=1&oq=java%20%E5%BE%AA%E7%8E%AF&ie=utf-8&rsv_idx=1&rsv_pq=9ef774e000038a28&rsv_t=255evxMZTMYcH7GjeO2nPxlEpVp4eetyU3T171y7%2Fj8gTpM9j2Pf7%2ByCIMQ&rqlang=cn&rs_src=0&rsv_pq=9ef774e000038a28&rsv_t=255evxMZTMYcH7GjeO2nPxlEpVp4eetyU3T171y7%2Fj8gTpM9j2Pf7%2ByCIMQ\">java while循环</a></th><td><br/></td><th><a href=\"https://www.baidu.com/s?wd=java%E4%B8%AD%E5%A4%9A%E9%87%8D%E5%BE%AA%E7%8E%AF&rsf=2&rsp=1&f=1&oq=java%20%E5%BE%AA%E7%8E%AF&ie=utf-8&rsv_idx=1&rsv_pq=9ef774e000038a28&rsv_t=255evxMZTMYcH7GjeO2nPxlEpVp4eetyU3T171y7%2Fj8gTpM9j2Pf7%2ByCIMQ&rqlang=cn&rs_src=0&rsv_pq=9ef774e000038a28&rsv_t=255evxMZTMYcH7GjeO2nPxlEpVp4eetyU3T171y7%2Fj8gTpM9j2Pf7%2ByCIMQ\">java中多重循环</a></th><td><br/></td><th><a href=\"https://www.baidu.com/s?wd=java%20for%E5%BE%AA%E7%8E%AF%E8%AF%AD%E6%B3%95%E7%BB%93%E6%9E%84&rsf=2&rsp=2&f=1&oq=java%20%E5%BE%AA%E7%8E%AF&ie=utf-8&rsv_idx=1&rsv_pq=9ef774e000038a28&rsv_t=255evxMZTMYcH7GjeO2nPxlEpVp4eetyU3T171y7%2Fj8gTpM9j2Pf7%2ByCIMQ&rqlang=cn&rs_src=0&rsv_pq=9ef774e000038a28&rsv_t=255evxMZTMYcH7GjeO2nPxlEpVp4eetyU3T171y7%2Fj8gTpM9j2Pf7%2ByCIMQ\">java for循环语法结构</a></th></tr><tr><th><a href=\"https://www.baidu.com/s?wd=java%20%E5%BE%AA%E7%8E%AF%E7%BB%93%E6%9D%9F&rsf=1&rsp=3&f=1&oq=java%20%E5%BE%AA%E7%8E%AF&ie=utf-8&rsv_idx=1&rsv_pq=9ef774e000038a28&rsv_t=255evxMZTMYcH7GjeO2nPxlEpVp4eetyU3T171y7%2Fj8gTpM9j2Pf7%2ByCIMQ&rqlang=cn&rs_src=0&rsv_pq=9ef774e000038a28&rsv_t=255evxMZTMYcH7GjeO2nPxlEpVp4eetyU3T171y7%2Fj8gTpM9j2Pf7%2ByCIMQ\">java 循环结束</a></th><td><br/></td><th><a href=\"https://www.baidu.com/s?wd=java%E5%BE%AA%E7%8E%AF%E6%9C%89%E5%87%A0%E7%A7%8D&rsf=1&rsp=4&f=1&oq=java%20%E5%BE%AA%E7%8E%AF&ie=utf-8&rsv_idx=1&rsv_pq=9ef774e000038a28&rsv_t=255evxMZTMYcH7GjeO2nPxlEpVp4eetyU3T171y7%2Fj8gTpM9j2Pf7%2ByCIMQ&rqlang=cn&rs_src=0&rsv_pq=9ef774e000038a28&rsv_t=255evxMZTMYcH7GjeO2nPxlEpVp4eetyU3T171y7%2Fj8gTpM9j2Pf7%2ByCIMQ\">java循环有几种</a></th><td><br/></td><th><a href=\"https://www.baidu.com/s?wd=java%20%E5%BE%AA%E7%8E%AF%E9%81%8D%E5%8E%86&rsf=1&rsp=5&f=1&oq=java%20%E5%BE%AA%E7%8E%AF&ie=utf-8&rsv_idx=1&rsv_pq=9ef774e000038a28&rsv_t=255evxMZTMYcH7GjeO2nPxlEpVp4eetyU3T171y7%2Fj8gTpM9j2Pf7%2ByCIMQ&rqlang=cn&rs_src=0&rsv_pq=9ef774e000038a28&rsv_t=255evxMZTMYcH7GjeO2nPxlEpVp4eetyU3T171y7%2Fj8gTpM9j2Pf7%2ByCIMQ\">java 循环遍历</a></th></tr><tr><th><a href=\"https://www.baidu.com/s?wd=java%E4%B8%ADfor%E5%BE%AA%E7%8E%AF%E7%9A%84%E8%A7%A3%E9%87%8A&rsf=2&rsp=6&f=1&oq=java%20%E5%BE%AA%E7%8E%AF&ie=utf-8&rsv_idx=1&rsv_pq=9ef774e000038a28&rsv_t=255evxMZTMYcH7GjeO2nPxlEpVp4eetyU3T171y7%2Fj8gTpM9j2Pf7%2ByCIMQ&rqlang=cn&rs_src=0&rsv_pq=9ef774e000038a28&rsv_t=255evxMZTMYcH7GjeO2nPxlEpVp4eetyU3T171y7%2Fj8gTpM9j2Pf7%2ByCIMQ\">java中for循环的解释</a></th><td><br/></td><th><a href=\"https://www.baidu.com/s?wd=java%3Awhile%281%29&rsf=2&rsp=7&f=1&oq=java%20%E5%BE%AA%E7%8E%AF&ie=utf-8&rsv_idx=1&rsv_pq=9ef774e000038a28&rsv_t=255evxMZTMYcH7GjeO2nPxlEpVp4eetyU3T171y7%2Fj8gTpM9j2Pf7%2ByCIMQ&rqlang=cn&rs_src=0&rsv_pq=9ef774e000038a28&rsv_t=255evxMZTMYcH7GjeO2nPxlEpVp4eetyU3T171y7%2Fj8gTpM9j2Pf7%2ByCIMQ\">java:while(1)</a></th><td><br/></td><th><a href=\"https://www.baidu.com/s?wd=java%E9%87%8C%E9%9D%A2for%E5%BE%AA%E7%8E%AFif&rsf=2&rsp=8&f=1&oq=java%20%E5%BE%AA%E7%8E%AF&ie=utf-8&rsv_idx=1&rsv_pq=9ef774e000038a28&rsv_t=255evxMZTMYcH7GjeO2nPxlEpVp4eetyU3T171y7%2Fj8gTpM9j2Pf7%2ByCIMQ&rqlang=cn&rs_src=0&rsv_pq=9ef774e000038a28&rsv_t=255evxMZTMYcH7GjeO2nPxlEpVp4eetyU3T171y7%2Fj8gTpM9j2Pf7%2ByCIMQ\">java里面for循环if</a></th></tr></tbody></table><p><strong><span class=\"fk fk_cur\"><em class=\"c-icon c-icon-bear-p\"></em></span>1</strong><a href=\"https://www.baidu.com/s?wd=java%20%E5%BE%AA%E7%8E%AF&pn=10&oq=java%20%E5%BE%AA%E7%8E%AF&ie=utf-8&rsv_idx=1&rsv_pq=9ef774e000038a28&rsv_t=255evxMZTMYcH7GjeO2nPxlEpVp4eetyU3T171y7%2Fj8gTpM9j2Pf7%2ByCIMQ\"><span class=\"fk fkd\"><em class=\"c-icon c-icon-bear-pn\"></em></span>2</a><a href=\"https://www.baidu.com/s?wd=java%20%E5%BE%AA%E7%8E%AF&pn=20&oq=java%20%E5%BE%AA%E7%8E%AF&ie=utf-8&rsv_idx=1&rsv_pq=9ef774e000038a28&rsv_t=255evxMZTMYcH7GjeO2nPxlEpVp4eetyU3T171y7%2Fj8gTpM9j2Pf7%2ByCIMQ\"><em class=\"c-icon c-icon-bear-pn\"></em>3</a><a href=\"https://www.baidu.com/s?wd=java%20%E5%BE%AA%E7%8E%AF&pn=30&oq=java%20%E5%BE%AA%E7%8E%AF&ie=utf-8&rsv_idx=1&rsv_pq=9ef774e000038a28&rsv_t=255evxMZTMYcH7GjeO2nPxlEpVp4eetyU3T171y7%2Fj8gTpM9j2Pf7%2ByCIMQ\"><span class=\"fk fkd\"><em class=\"c-icon c-icon-bear-pn\"></em></span>4</a><a href=\"https://www.baidu.com/s?wd=java%20%E5%BE%AA%E7%8E%AF&pn=40&oq=java%20%E5%BE%AA%E7%8E%AF&ie=utf-8&rsv_idx=1&rsv_pq=9ef774e000038a28&rsv_t=255evxMZTMYcH7GjeO2nPxlEpVp4eetyU3T171y7%2Fj8gTpM9j2Pf7%2ByCIMQ\"><em class=\"c-icon c-icon-bear-pn\"></em>5</a><a href=\"https://www.baidu.com/s?wd=java%20%E5%BE%AA%E7%8E%AF&pn=50&oq=java%20%E5%BE%AA%E7%8E%AF&ie=utf-8&rsv_idx=1&rsv_pq=9ef774e000038a28&rsv_t=255evxMZTMYcH7GjeO2nPxlEpVp4eetyU3T171y7%2Fj8gTpM9j2Pf7%2ByCIMQ\"><span class=\"fk fkd\"><em class=\"c-icon c-icon-bear-pn\"></em></span>6</a><a href=\"https://www.baidu.com/s?wd=java%20%E5%BE%AA%E7%8E%AF&pn=60&oq=java%20%E5%BE%AA%E7%8E%AF&ie=utf-8&rsv_idx=1&rsv_pq=9ef774e000038a28&rsv_t=255evxMZTMYcH7GjeO2nPxlEpVp4eetyU3T171y7%2Fj8gTpM9j2Pf7%2ByCIMQ\"><em class=\"c-icon c-icon-bear-pn\"></em>7</a><a href=\"https://www.baidu.com/s?wd=java%20%E5%BE%AA%E7%8E%AF&pn=70&oq=java%20%E5%BE%AA%E7%8E%AF&ie=utf-8&rsv_idx=1&rsv_pq=9ef774e000038a28&rsv_t=255evxMZTMYcH7GjeO2nPxlEpVp4eetyU3T171y7%2Fj8gTpM9j2Pf7%2ByCIMQ\"><span class=\"fk fkd\"><em class=\"c-icon c-icon-bear-pn\"></em></span>8</a><a href=\"https://www.baidu.com/s?wd=java%20%E5%BE%AA%E7%8E%AF&pn=80&oq=java%20%E5%BE%AA%E7%8E%AF&ie=utf-8&rsv_idx=1&rsv_pq=9ef774e000038a28&rsv_t=255evxMZTMYcH7GjeO2nPxlEpVp4eetyU3T171y7%2Fj8gTpM9j2Pf7%2ByCIMQ\"><em class=\"c-icon c-icon-bear-pn\"></em>9</a><a href=\"https://www.baidu.com/s?wd=java%20%E5%BE%AA%E7%8E%AF&pn=90&oq=java%20%E5%BE%AA%E7%8E%AF&ie=utf-8&rsv_idx=1&rsv_pq=9ef774e000038a28&rsv_t=255evxMZTMYcH7GjeO2nPxlEpVp4eetyU3T171y7%2Fj8gTpM9j2Pf7%2ByCIMQ\"><span class=\"fk fkd\"><em class=\"c-icon c-icon-bear-pn\"></em></span>10</a><a href=\"https://www.baidu.com/s?wd=java%20%E5%BE%AA%E7%8E%AF&pn=10&oq=java%20%E5%BE%AA%E7%8E%AF&ie=utf-8&rsv_idx=1&rsv_pq=9ef774e000038a28&rsv_t=255evxMZTMYcH7GjeO2nPxlEpVp4eetyU3T171y7%2Fj8gTpM9j2Pf7%2ByCIMQ&rsv_page=1\">下一页&gt;</a></p><p><br/></p>', 'DS3000,MCU,C&C++,Java,Python,JS/Jquery,Linux,IOS,JavaWeb', 'private', 'draft', '0', '0', '丁庆发', 'dingqingfa@star-net.cn', '2017-08-30 10:49:46', 'dingqingfa@star-net.cn', '2017-08-30 10:49:46', '0');

-- ----------------------------
-- Table structure for comment
-- ----------------------------
DROP TABLE IF EXISTS `comment`;
CREATE TABLE `comment` (
  `id` bigint(64) NOT NULL COMMENT '主键',
  `category` varchar(32) DEFAULT NULL COMMENT '类型',
  `parent_id` varchar(64) DEFAULT NULL COMMENT '所属',
  `description` varchar(512) CHARACTER SET utf8 COLLATE utf8_bin DEFAULT NULL COMMENT '内容',
  `create_by` varchar(64) DEFAULT NULL COMMENT '创建者',
  `create_date` datetime DEFAULT NULL COMMENT '创建时间',
  `update_by` varchar(64) DEFAULT NULL COMMENT '更新者',
  `update_date` datetime DEFAULT NULL COMMENT '更新时间',
  `del_flag` varchar(64) DEFAULT NULL COMMENT '逻辑删除标记（0：显示；1：隐藏）',
  PRIMARY KEY (`id`),
  UNIQUE KEY `id` (`id`)
) ENGINE=InnoDB DEFAULT CHARSET=utf8 COMMENT='评论';

-- ----------------------------
-- Records of comment
-- ----------------------------
INSERT INTO `comment` VALUES ('150327840738', 'task', 'T17072111340965', '456789', 'chenzhong.sy@star-net.cn', '2017-08-21 09:20:08', 'chenzhong.sy@star-net.cn', '2017-08-21 09:20:08', '1');
INSERT INTO `comment` VALUES ('150328346498', 'task', 'T17081614174204', '9999', 'chenzhong.sy@star-net.cn', '2017-08-21 10:44:25', 'chenzhong.sy@star-net.cn', '2017-08-21 10:44:25', '1');
INSERT INTO `comment` VALUES ('150328354240', 'task', 'T17081614174204', '12456', 'chenzhong.sy@star-net.cn', '2017-08-21 10:45:42', 'chenzhong.sy@star-net.cn', '2017-08-21 10:45:42', '1');
INSERT INTO `comment` VALUES ('150328382070', 'task', 'T17081614174204', '333333', 'chenzhong.sy@star-net.cn', '2017-08-21 10:50:21', 'chenzhong.sy@star-net.cn', '2017-08-21 10:50:21', '1');
INSERT INTO `comment` VALUES ('150328445045', 'task', 'T17081614174204', '123456', 'chenzhong.sy@star-net.cn', '2017-08-21 11:00:50', 'chenzhong.sy@star-net.cn', '2017-08-21 11:00:50', '1');
INSERT INTO `comment` VALUES ('150328469519', 'task', 'T17072111340965', '可怜', 'chenzhong.sy@star-net.cn', '2017-08-21 11:04:55', 'chenzhong.sy@star-net.cn', '2017-08-21 11:04:55', '1');
INSERT INTO `comment` VALUES ('150328472200', 'task', 'T17080215071754', '可怜', 'chenzhong.sy@star-net.cn', '2017-08-21 11:05:22', 'chenzhong.sy@star-net.cn', '2017-08-22 13:48:07', '1');
INSERT INTO `comment` VALUES ('150328478190', 'task', 'T17080215071754', '002396', 'chenzhong.sy@star-net.cn', '2017-08-21 11:06:21', 'chenzhong.sy@star-net.cn', '2017-08-21 16:55:55', '1');
INSERT INTO `comment` VALUES ('150328480313', 'task', 'T17080215071754', '10086', 'chenzhong.sy@star-net.cn', '2017-08-21 11:06:43', 'chenzhong.sy@star-net.cn', '2017-08-21 16:55:55', '1');
INSERT INTO `comment` VALUES ('150328589869', 'task', 'T17080215071754', 'ABCD', 'chenzhong.sy@star-net.cn', '2017-08-21 11:24:59', 'chenzhong.sy@star-net.cn', '2017-08-21 16:55:54', '1');
INSERT INTO `comment` VALUES ('150328618928', 'task', 'T17072111340965', '我来了', 'dingqingfa@star-net.cn', '2017-08-21 11:29:49', 'dingqingfa@star-net.cn', '2017-08-21 11:29:49', '1');
INSERT INTO `comment` VALUES ('150328621766', 'task', 'T17081614174204', '搞啥子<br />', 'dingqingfa@star-net.cn', '2017-08-21 11:30:17', 'dingqingfa@star-net.cn', '2017-08-21 11:30:17', '1');
INSERT INTO `comment` VALUES ('150328622447', 'task', 'T17081614174204', '搞啥子', 'dingqingfa@star-net.cn', '2017-08-21 11:30:25', 'dingqingfa@star-net.cn', '2017-08-21 11:30:25', '1');
INSERT INTO `comment` VALUES ('150328623004', 'task', 'T17081614174204', '搞啥子<br />', 'dingqingfa@star-net.cn', '2017-08-21 11:30:30', 'dingqingfa@star-net.cn', '2017-08-21 11:30:30', '1');
INSERT INTO `comment` VALUES ('150328639687', 'task', 'T17072111340965', '还要多久；\n我才能在你身边；', 'dingqingfa@star-net.cn', '2017-08-21 11:33:16', 'chenzhong.sy@star-net.cn', '2017-08-22 18:21:30', '1');
INSERT INTO `comment` VALUES ('150328643210', 'task', 'T17072111340965', '好不容易；\n又能再多爱一天；\n说了拜拜。', 'dingqingfa@star-net.cn', '2017-08-21 11:33:53', 'chenzhong.sy@star-net.cn', '2017-08-22 18:21:29', '1');
INSERT INTO `comment` VALUES ('150328646714', 'task', 'T17072111340965', '我怎么看不见。<br />没想到；<br />我还流着泪。', 'dingqingfa@star-net.cn', '2017-08-21 11:34:27', 'chenzhong.sy@star-net.cn', '2017-08-22 17:53:06', '1');
INSERT INTO `comment` VALUES ('150329484087', 'task', 'T17082113454481', 'c:if 标签多条件判断；<br /><c:if test=\"${fn:contains(task.assignTo, user.email) and status.count <= 3}\"><br />	<img class=\"img-circle photo-small\" src=\"${user.photo}\"><br /></c:if>', 'chenzhong.sy@star-net.cn', '2017-08-21 13:54:01', 'chenzhong.sy@star-net.cn', '2017-08-21 13:54:01', '1');
INSERT INTO `comment` VALUES ('150329489305', 'task', 'T17082113454481', 'c:if 标签多条件判断：<br />\"<c:if test=\"${fn:contains(task.assignTo, user.email) and status.count <= 3}\"><br />													<img class=\"img-circle photo-small\" src=\"${user.photo}\"><br />												</c:if>\"', 'dingqingfa@star-net.cn', '2017-08-21 13:54:54', 'dingqingfa@star-net.cn', '2017-08-21 13:54:54', '1');
INSERT INTO `comment` VALUES ('150329512069', 'task', 'T17082113454481', '新增留言时先清空输入框内容。', 'dingqingfa@star-net.cn', '2017-08-21 13:58:41', 'dingqingfa@star-net.cn', '2017-08-21 13:58:41', '0');
INSERT INTO `comment` VALUES ('150330014669', 'task', 'T17082115212269', 'AMQP，即Advanced Message Queuing Protocol,一个提供统一消息服务的应用层标准高级消息队列协议,是应用层协议的一个开放标准,为面向消息的中间件设计。', 'chenzhong.sy@star-net.cn', '2017-08-21 15:22:27', 'chenzhong.sy@star-net.cn', '2017-08-21 15:22:27', '1');
INSERT INTO `comment` VALUES ('150330017243', 'task', 'T17082115212269', 'AMQP，即Advanced Message Queuing Protocol,一个提供统一消息服务的应用层标准高级消息队列协议,是应用层协议的一个开放标准,为面向消息的中间件设计。', 'dingqingfa@star-net.cn', '2017-08-21 15:22:53', 'dingqingfa@star-net.cn', '2017-08-21 15:22:53', '0');
INSERT INTO `comment` VALUES ('150330058162', 'task', 'T17082115212269', 'RabbitMQ是一个由erlang开发的AMQP（Advanced Message Queue ）的开源实现。AMQP 的出现其实也是应了广大人民群众的需求，虽然在同步消息通讯的世界里有很多公开标准（如 COBAR的 IIOP ，或者是 SOAP 等），但是在异步消息处理中却不是这样，只有大企业有一些商业实现（如微软的 MSMQ ，IBM 的 Websphere MQ 等），因此，在 2006 年的 6 月，Cisco 、Redhat、iMatix 等联合制定了 AMQP 的公开标准。', 'dingqingfa@star-net.cn', '2017-08-21 15:29:42', 'dingqingfa@star-net.cn', '2017-08-21 15:29:42', '1');
INSERT INTO `comment` VALUES ('150330059653', 'task', 'T17082115212269', 'RabbitMQ是一个由erlang开发的AMQP（Advanced Message Queue ）的开源实现。<br />AMQP 的出现其实也是应了广大人民群众的需求，虽然在同步消息通讯的世界里有很多公开标准（如 COBAR的 IIOP ，或者是 SOAP 等），但是在异步消息处理中却不是这样，只有大企业有一些商业实现（如微软的 MSMQ ，IBM 的 Websphere MQ 等），因此，在 2006 年的 6 月，Cisco 、Redhat、iMatix 等联合制定了 AMQP 的公开标准。', 'dingqingfa@star-net.cn', '2017-08-21 15:29:57', 'dingqingfa@star-net.cn', '2017-08-21 15:29:57', '0');
INSERT INTO `comment` VALUES ('150330063722', 'task', 'T17082115212269', 'http://blog.csdn.net/anzhsoft/article/details/19563091', 'dingqingfa@star-net.cn', '2017-08-21 15:30:37', 'dingqingfa@star-net.cn', '2017-08-21 15:30:37', '0');
INSERT INTO `comment` VALUES ('150338880877', 'task', 'T17082216000748', '创建了这个任务。 --auto create', 'chenzhong.sy@star-net.cn', '2017-08-22 16:00:08', 'chenzhong.sy@star-net.cn', '2017-08-22 16:00:08', '0');
INSERT INTO `comment` VALUES ('150338973749', 'task', 'T17082216153745', '创建了这个任务。 --auto create', 'chenzhong.sy@star-net.cn', '2017-08-22 16:15:37', 'chenzhong.sy@star-net.cn', '2017-08-22 16:15:37', '0');
INSERT INTO `comment` VALUES ('150339003366', 'task', 'T17082216202844', '创建了这个任务。 --auto create', 'chenzhong.sy@star-net.cn', '2017-08-22 16:20:34', 'chenzhong.sy@star-net.cn', '2017-08-22 16:20:34', '0');
INSERT INTO `comment` VALUES ('150339257109', 'task', 'T17082217025165', '创建了这个任务。 --auto create', 'chenzhong.sy@star-net.cn', '2017-08-22 17:02:52', 'chenzhong.sy@star-net.cn', '2017-08-22 17:02:52', '0');
INSERT INTO `comment` VALUES ('150339729672', 'task', 'T17072111340965', '说点什么', 'chenzhong.sy@star-net.cn', '2017-08-22 18:21:37', 'chenzhong.sy@star-net.cn', '2017-08-22 18:21:37', '0');
INSERT INTO `comment` VALUES ('150340085366', 'task', 'T17082219204886', '创建了这个任务。 --auto create', 'dingqingfa@star-net.cn', '2017-08-22 19:20:53', 'dingqingfa@star-net.cn', '2017-08-22 19:20:53', '0');
INSERT INTO `comment` VALUES ('150340121635', 'task', 'T17082219265146', '创建了这个任务。 --auto create', 'dingqingfa@star-net.cn', '2017-08-22 19:26:57', 'dingqingfa@star-net.cn', '2017-08-22 19:26:57', '0');
INSERT INTO `comment` VALUES ('150340156387', 'task', 'T17082219323841', '创建了这个任务。 --automatic generation--', 'dingqingfa@star-net.cn', '2017-08-22 19:32:43', 'dingqingfa@star-net.cn', '2017-08-22 19:32:43', '0');
INSERT INTO `comment` VALUES ('150345423725', 'task', 'T17082310103761', '创建了这个任务。 --automatic generation--', 'dingqingfa@star-net.cn', '2017-08-23 10:10:38', 'dingqingfa@star-net.cn', '2017-08-23 10:10:38', '0');

-- ----------------------------
-- Table structure for project
-- ----------------------------
DROP TABLE IF EXISTS `project`;
CREATE TABLE `project` (
  `id` varchar(64) NOT NULL DEFAULT '' COMMENT '主键',
  `name` varchar(64) DEFAULT NULL COMMENT '项目名称',
  `description` varchar(128) CHARACTER SET utf8 COLLATE utf8_bin DEFAULT NULL COMMENT '项目需求',
  `status` varchar(64) DEFAULT NULL COMMENT '项目状态：1、未开始，2、正在进行，3、已完成，4、已结项，5、已归档',
  `progress` varchar(64) DEFAULT NULL COMMENT '项目进度',
  `project_manager` varchar(64) DEFAULT NULL COMMENT '项目经理',
  `create_by` varchar(64) DEFAULT NULL COMMENT '创建者',
  `create_date` datetime DEFAULT NULL COMMENT '创建时间',
  `update_by` varchar(64) DEFAULT NULL COMMENT '更新者',
  `update_date` datetime DEFAULT NULL COMMENT '更新时间',
  `expect_finish_date` datetime DEFAULT NULL COMMENT '期望完成时间',
  `real_finish_date` datetime DEFAULT NULL COMMENT '实际完成时间',
  `del_flag` varchar(64) DEFAULT NULL COMMENT '逻辑删除标记（0：显示；1：隐藏）',
  PRIMARY KEY (`id`),
  UNIQUE KEY `id` (`id`)
) ENGINE=InnoDB DEFAULT CHARSET=utf8 COMMENT='项目';

-- ----------------------------
-- Records of project
-- ----------------------------
INSERT INTO `project` VALUES ('100', 'T91R', 'first project', null, null, null, 'dqf', '2017-07-27 19:45:16', null, null, null, null, null);
INSERT INTO `project` VALUES ('1002', 'I66', null, null, null, null, null, null, null, null, null, null, null);
INSERT INTO `project` VALUES ('1003', 'I68', null, null, null, null, null, null, null, null, null, null, null);
INSERT INTO `project` VALUES ('1004', 'teamwork', null, null, null, null, '丁庆发', null, null, null, null, null, null);
INSERT INTO `project` VALUES ('11', '辅助生产', null, null, null, null, 'admin', null, null, null, null, null, null);
INSERT INTO `project` VALUES ('12', '成品定制', null, null, null, null, 'admin', null, null, null, null, null, null);
INSERT INTO `project` VALUES ('13', '方案预研', null, null, null, null, 'admin', null, null, null, null, null, null);
INSERT INTO `project` VALUES ('14', '成品维护', null, null, null, null, 'admin', null, null, null, null, null, null);
INSERT INTO `project` VALUES ('15', '板卡定制', null, null, null, null, 'admin', null, null, null, null, null, null);
INSERT INTO `project` VALUES ('P17082219354920', 'X66L', '楼宇设备新产品，DS2600处理器，linux平台。\r\n和X66_3.0 共用主板。', '0', '0%', 'liqing@star-net.cn', 'dingqingfa@star-net.cn', '2017-08-22 19:35:50', 'dingqingfa@star-net.cn', '2017-08-22 19:35:50', '2017-08-22 19:35:50', null, '0');

-- ----------------------------
-- Table structure for subtask
-- ----------------------------
DROP TABLE IF EXISTS `subtask`;
CREATE TABLE `subtask` (
  `id` bigint(64) NOT NULL COMMENT '主键',
  `parent_id` varchar(64) DEFAULT NULL COMMENT '所属任务',
  `description` varchar(128) CHARACTER SET utf8 COLLATE utf8_bin DEFAULT NULL COMMENT '检查项描述',
  `status` varchar(64) DEFAULT NULL COMMENT '任务状态：0、未完成，1、已完成',
  `create_by` varchar(64) DEFAULT NULL COMMENT '创建者',
  `create_date` datetime DEFAULT NULL COMMENT '创建时间',
  `update_by` varchar(64) DEFAULT NULL COMMENT '更新者',
  `update_date` datetime DEFAULT NULL COMMENT '更新时间',
  `del_flag` varchar(64) DEFAULT NULL COMMENT '逻辑删除标记（0：显示；1：隐藏）',
  PRIMARY KEY (`id`),
  UNIQUE KEY `id` (`id`)
) ENGINE=InnoDB DEFAULT CHARSET=utf8 COMMENT='子任务';

-- ----------------------------
-- Records of subtask
-- ----------------------------
INSERT INTO `subtask` VALUES ('150303539524', 'T17072111340965', '重新设计UI', '1', null, '2017-08-18 13:49:56', null, '2017-08-22 18:19:32', null);
INSERT INTO `subtask` VALUES ('150329438031', 'T17082113454481', '任务面板头部最多显示3个处理人；', '1', null, '2017-08-21 13:46:20', null, '2017-08-21 13:47:11', null);
INSERT INTO `subtask` VALUES ('150336782165', 'T17080410424594', '测试', '1', null, '2017-08-22 10:10:21', null, '2017-08-22 10:10:23', null);
INSERT INTO `subtask` VALUES ('150339717184', 'T17072111340965', '编写桌面widget', '0', null, '2017-08-22 18:19:31', null, '2017-08-22 18:19:31', null);
INSERT INTO `subtask` VALUES ('150339719694', 'T17072111340965', '实现监视、呼叫物业、布撤防、通话记录功能。', '0', null, '2017-08-22 18:19:56', null, '2017-08-22 18:19:56', null);

-- ----------------------------
-- Table structure for sys_dict
-- ----------------------------
DROP TABLE IF EXISTS `sys_dict`;
CREATE TABLE `sys_dict` (
  `id` varchar(64) NOT NULL COMMENT '编号',
  `name` varchar(64) DEFAULT NULL COMMENT '名称',
  `en_name` varchar(64) DEFAULT NULL COMMENT '英文名称',
  `sort` varchar(64) DEFAULT NULL COMMENT '分类',
  `create_by` varchar(64) DEFAULT NULL COMMENT '创建者',
  `create_date` datetime DEFAULT NULL COMMENT '创建时间',
  `update_by` varchar(64) DEFAULT NULL COMMENT '更新者',
  `update_date` datetime DEFAULT NULL COMMENT '更新时间',
  `del_flag` char(1) DEFAULT '0' COMMENT '删除标记',
  PRIMARY KEY (`id`),
  UNIQUE KEY `id` (`id`),
  UNIQUE KEY `name` (`name`)
) ENGINE=InnoDB DEFAULT CHARSET=utf8 COMMENT='系统字典';

-- ----------------------------
-- Records of sys_dict
-- ----------------------------
INSERT INTO `sys_dict` VALUES ('10001', '初稿', 'new', 'task_status', null, null, null, null, null);
INSERT INTO `sys_dict` VALUES ('10002', '正在处理', 'doing', 'task_status', null, null, null, null, null);
INSERT INTO `sys_dict` VALUES ('10003', '完成', 'done', 'task_status', null, null, null, null, null);
INSERT INTO `sys_dict` VALUES ('10004', '已审核', 'checked', 'task_status', null, null, null, null, null);
INSERT INTO `sys_dict` VALUES ('10005', '已归档', 'archived', 'task_status', null, null, null, null, null);
INSERT INTO `sys_dict` VALUES ('10006', '暂停', 'pause', 'task_status', null, null, null, null, null);
INSERT INTO `sys_dict` VALUES ('20001', 'DS3000', 'DS3000', 'article_category_platform', null, null, null, null, '0');
INSERT INTO `sys_dict` VALUES ('20002', 'DS2600', 'DS2600', 'article_category_platform', null, null, null, null, '0');
INSERT INTO `sys_dict` VALUES ('20003', 'DS2000', 'DS2000', 'article_category_platform', null, null, null, null, '0');
INSERT INTO `sys_dict` VALUES ('20004', 'MCU', 'MCU', 'article_category_platform', null, null, null, null, '0');
INSERT INTO `sys_dict` VALUES ('20005', 'C&C++', 'C&C++', 'article_category_language', null, null, null, null, '0');
INSERT INTO `sys_dict` VALUES ('20006', 'Java', 'Java', 'article_category_language', null, null, null, null, '0');
INSERT INTO `sys_dict` VALUES ('20007', 'Python', 'Python', 'article_category_language', null, null, null, null, '0');
INSERT INTO `sys_dict` VALUES ('20008', 'Shell', 'Shell', 'article_category_language', null, null, null, null, '0');
INSERT INTO `sys_dict` VALUES ('20009', 'JS&Jquery', 'Js&Jquery', 'article_category_language', null, null, null, null, '0');
INSERT INTO `sys_dict` VALUES ('20010', 'Linux', 'Linux', 'article_category_system', null, null, null, null, '0');
INSERT INTO `sys_dict` VALUES ('20011', 'Android', 'Android', 'article_category_system', null, null, null, null, '0');
INSERT INTO `sys_dict` VALUES ('20012', 'IOS', 'IOS', 'article_category_system', null, null, null, null, '0');
INSERT INTO `sys_dict` VALUES ('20013', 'JavaWeb', 'JavaWeb', 'article_category_system', null, null, null, null, '0');

-- ----------------------------
-- Table structure for task
-- ----------------------------
DROP TABLE IF EXISTS `task`;
CREATE TABLE `task` (
  `id` varchar(64) NOT NULL DEFAULT '' COMMENT '主键',
  `project_name` varchar(64) DEFAULT NULL COMMENT '所属项目',
  `title` varchar(128) CHARACTER SET utf8 COLLATE utf8_bin DEFAULT NULL COMMENT '任务标题',
  `description` varchar(512) CHARACTER SET utf8 COLLATE utf8_bin DEFAULT NULL COMMENT '任务描述',
  `status` varchar(64) DEFAULT NULL COMMENT '任务状态：1、未分配，2、正在处理，3、已完成，4、已审核，5、已归档',
  `progress` varchar(64) DEFAULT NULL COMMENT '任务进度',
  `priority` varchar(32) DEFAULT NULL COMMENT '优先级',
  `assign_to` varchar(256) DEFAULT NULL COMMENT '处理者',
  `follower` varchar(256) DEFAULT NULL COMMENT '关注人',
  `create_by` varchar(64) DEFAULT NULL COMMENT '创建者',
  `create_date` datetime DEFAULT NULL COMMENT '创建时间',
  `update_by` varchar(64) DEFAULT NULL COMMENT '更新者',
  `update_date` datetime DEFAULT NULL COMMENT '更新时间',
  `expect_finish_date` varchar(64) DEFAULT NULL COMMENT '期望完成时间',
  `real_finish_date` varchar(64) DEFAULT NULL COMMENT '实际完成时间',
  `finish_info` varchar(512) CHARACTER SET utf8 COLLATE utf8_bin DEFAULT NULL COMMENT '完成说明',
  `finish_link` varchar(128) CHARACTER SET utf8 COLLATE utf8_bin DEFAULT NULL COMMENT '任务标题',
  `del_flag` varchar(64) DEFAULT NULL COMMENT '逻辑删除标记（0：显示；1：隐藏）',
  PRIMARY KEY (`id`),
  UNIQUE KEY `id` (`id`)
) ENGINE=InnoDB DEFAULT CHARSET=utf8 COMMENT='任务';

-- ----------------------------
-- Records of task
-- ----------------------------
INSERT INTO `task` VALUES ('T17071817150796', 'teamwork', '账号注册登录以及权限校验', 'fsfffffffff啊手动阀手动阀', '10003', '100%', '0', 'dingqingfa@star-net.cn', 'chenzhong.sy@star-net.cn;liqing@star-net.cn;linshengteng@star-net.cn;fangxuerong@star-net.cn;huangwenwen@star-net.cn;hongguifang@star-net.cn;chenronghui@star-net.cn;dingqingfa@star-net.cn', null, '2017-07-18 17:15:07', null, '2017-08-22 19:12:18', '2017-07-21', '', '', '', '0');
INSERT INTO `task` VALUES ('T17072111340965', 'teamwork', '魔镜第二阶段，新样机，带网线', '需要实现以下功能：<br />1. 重新设计UI；<br />2. 编写桌面空间widget；<br />3. 实现基本功能，呼叫中心、监视、记录；<br />', '10002', '33%', '1', 'hongguifang@star-net.cn', 'chenzhong.sy@star-net.cn;liqing@star-net.cn;linshengteng@star-net.cn;fangxuerong@star-net.cn;huangwenwen@star-net.cn;hongguifang@star-net.cn;chenronghui@star-net.cn;dingqingfa@star-net.cn', null, '2017-07-21 11:34:10', null, '2017-08-28 00:07:05', '2017-09-15', '2017-07-29', '处理说明', 'http://www.baidu.com/abcd', '0');
INSERT INTO `task` VALUES ('T17073000453713', 'teamwork', '文件上传与管理功能', '', '10001', '0%', '0', 'dingqingfa@star-net.cn', 'dingqingfa@star-net.cn;chenzhong.sy@star-net.cn;liqing@star-net.cn;linshengteng@star-net.cn;fangxuerong@star-net.cn;huangwenwen@star-net.cn', null, '2017-07-30 00:45:38', null, '2017-08-22 19:34:17', '2017-07-30', null, null, null, '0');
INSERT INTO `task` VALUES ('T17080215071754', 'teamwork', '搜索功能', '搜索内容', '10002', '0%', '0', 'dingqingfa@star-net.cn', 'dingqingfa@star-net.cn;chenzhong.sy@star-net.cn;liqing@star-net.cn;linshengteng@star-net.cn;fangxuerong@star-net.cn;huangwenwen@star-net.cn;hongguifang@star-net.cn;chenronghui@star-net.cn', null, '2017-08-02 15:07:18', null, '2017-08-28 00:07:04', '2017-08-10', null, null, null, '0');
INSERT INTO `task` VALUES ('T17081614174204', 'teamwork', '使用redis缓存', '提高系统响应速度；<br />管理用户登录信息；', '10002', '83%', '0', 'dingqingfa@star-net.cn', 'dingqingfa@star-net.cn;huangwenwen@star-net.cn', null, '2017-08-16 14:17:42', null, '2017-08-22 19:07:43', '2017-08-19', null, null, null, '1');
INSERT INTO `task` VALUES ('T17082109121894', '成品定制', '小咚批量生产问题跟踪', '新一批小咚代工生产过程中出现一定数量设备无法正常配对的问题。', '10001', '0%', '0', 'dingqingfa@star-net.cn', 'dingqingfa@star-net.cn', null, '2017-08-21 09:12:18', null, '2017-08-22 19:34:17', '2017-08-25', null, null, null, '0');
INSERT INTO `task` VALUES ('T17082113454481', 'teamwork', '任务管理功能完善', '详见', '10003', '100%', '0', 'dingqingfa@star-net.cn', 'dingqingfa@star-net.cn', null, '2017-08-21 13:45:44', null, '2017-08-21 13:59:28', '2017-08-25', null, null, null, '0');
INSERT INTO `task` VALUES ('T17082115212269', '成品定制', 'T91对接花样年云平台', '1.使用AMQP协议。', '10001', '0%', '0', 'dingqingfa@star-net.cn', 'dingqingfa@star-net.cn', null, '2017-08-21 15:21:23', null, '2017-08-22 19:34:16', '2017-09-30', null, null, null, '0');
INSERT INTO `task` VALUES ('T17082219204886', 'teamwork', '知识文章功能模块', '支持文章增删改；<br />支持按类别查看；', '10001', '0%', '0', 'dingqingfa@star-net.cn', 'dingqingfa@star-net.cn', null, '2017-08-22 19:20:48', null, '2017-08-22 19:34:15', '2017-08-25', null, null, null, '0');
INSERT INTO `task` VALUES ('T17082219265146', '成品定制', '花样年T91对接云平台', '支持sip对讲；<br />实现amqp协议；<br />实现远程控制；', '10001', '0%', '0', 'dingqingfa@star-net.cn', 'dingqingfa@star-net.cn', null, '2017-08-22 19:26:52', null, '2017-08-22 19:34:14', '2017-09-30', null, null, null, '0');
INSERT INTO `task` VALUES ('T17082219323841', 'teamwork', '测试任务1', '什么事；<br />阿萨德发<br />a文文；', '10001', '0%', '0', 'dingqingfa@star-net.cn', 'dingqingfa@star-net.cn', null, '2017-08-22 19:32:38', null, '2017-08-22 19:34:03', '2017-08-31', null, null, null, '0');
INSERT INTO `task` VALUES ('T17082310103761', 'teamwork', '这是一个测试任务3', '', '10001', '0%', '0', 'dingqingfa@star-net.cn', 'dingqingfa@star-net.cn', null, '2017-08-23 10:10:38', null, '2017-08-23 10:10:38', '2017-08-31', null, null, null, '0');

-- ----------------------------
-- Table structure for user
-- ----------------------------
DROP TABLE IF EXISTS `user`;
CREATE TABLE `user` (
  `id` varchar(64) NOT NULL COMMENT '编号',
  `company_id` varchar(64) DEFAULT NULL COMMENT '归属公司',
  `office_id` varchar(64) DEFAULT NULL COMMENT '归属部门',
  `login_name` varchar(100) DEFAULT NULL COMMENT '登录名',
  `password` varchar(100) DEFAULT NULL COMMENT '密码',
  `no` varchar(100) DEFAULT NULL COMMENT '工号',
  `name` varchar(100) DEFAULT NULL COMMENT '姓名',
  `email` varchar(200) DEFAULT NULL COMMENT '邮箱',
  `phone` varchar(200) DEFAULT NULL COMMENT '电话',
  `mobile` varchar(200) DEFAULT NULL COMMENT '手机',
  `user_type` char(1) DEFAULT NULL COMMENT '用户类型',
  `photo` varchar(1000) DEFAULT NULL COMMENT '用户头像',
  `login_ip` varchar(100) DEFAULT NULL COMMENT '最后登陆IP',
  `login_date` datetime DEFAULT NULL COMMENT '最后登陆时间',
  `login_flag` varchar(64) DEFAULT NULL COMMENT '是否可登录',
  `create_by` varchar(64) DEFAULT NULL COMMENT '创建者',
  `create_date` datetime DEFAULT NULL COMMENT '创建时间',
  `update_by` varchar(64) DEFAULT NULL COMMENT '更新者',
  `update_date` datetime DEFAULT NULL COMMENT '更新时间',
  `remarks` varchar(255) DEFAULT NULL COMMENT '备注信息',
  `del_flag` char(1) DEFAULT '0' COMMENT '删除标记',
  `qrcode` varchar(1000) DEFAULT NULL COMMENT '二维码',
  PRIMARY KEY (`id`),
  UNIQUE KEY `id` (`id`),
  UNIQUE KEY `login_name` (`login_name`),
  UNIQUE KEY `no` (`no`),
  UNIQUE KEY `email` (`email`),
  UNIQUE KEY `phone` (`phone`),
  UNIQUE KEY `mobile` (`mobile`)
) ENGINE=InnoDB DEFAULT CHARSET=utf8 COMMENT='用户表';

-- ----------------------------
-- Records of user
-- ----------------------------
INSERT INTO `user` VALUES ('102', null, null, null, 'T11478', 'T11478', '陈钟', 'chenzhong.sy@star-net.cn', null, null, null, '/images/photo/giraffe.png', null, null, null, null, null, null, null, null, null, null);
INSERT INTO `user` VALUES ('103', null, null, null, 'T10667', 'T10667', '李晴', 'liqing@star-net.cn', null, null, null, '/images/photo/lion.png', null, null, null, null, null, null, null, null, null, null);
INSERT INTO `user` VALUES ('104', null, null, null, 'T11441', 'T11441', '林圣腾', 'linshengteng@star-net.cn', null, null, null, '/images/photo/rhino.png', null, null, null, null, null, null, null, null, null, null);
INSERT INTO `user` VALUES ('105', null, null, null, 'T4025', 'T4025', '方雪嵘', 'fangxuerong@star-net.cn', null, null, null, '/images/photo/zebra.png', null, null, null, null, null, null, null, null, null, null);
INSERT INTO `user` VALUES ('106', null, null, null, 'T12665', 'T12665', '黄文文', 'huangwenwen@star-net.cn', null, null, null, '/images/photo/dragon.png', null, null, null, null, null, null, null, null, null, null);
INSERT INTO `user` VALUES ('107', null, null, null, 'T12693', 'T12693', '洪桂芳', 'hongguifang@star-net.cn', null, null, null, '/images/photo/elephant.png', null, null, null, null, null, null, null, null, null, null);
INSERT INTO `user` VALUES ('108', null, null, null, 'T13482', 'T13482', '陈荣辉', 'chenronghui@star-net.cn', null, null, null, '/images/photo/pig.png', null, null, null, null, null, null, null, null, null, null);
INSERT INTO `user` VALUES ('109', null, null, null, '115513875', 'T10316', '丁庆发', 'dingqingfa@star-net.cn', null, null, null, '/images/photo/hippo.png', null, null, null, null, null, null, null, null, null, null);
