<?xml version="1.0" encoding="UTF-8"?>
<beans xmlns="http://www.springframework.org/schema/beans"
	xmlns:xsi="http://www.w3.org/2001/XMLSchema-instance"
	xmlns:cache="http://www.springframework.org/schema/cache"
	xmlns:p="http://www.springframework.org/schema/p"
	xsi:schemaLocation="http://www.springframework.org/schema/beans http://www.springframework.org/schema/beans/spring-beans.xsd
	http://www.springframework.org/schema/cache  
    http://www.springframework.org/schema/cache/spring-cache-3.2.xsd
	">

	<!-- cacheManager, 指定ehcache.xml的位置 -->   
    <bean id="ehcache" class="org.springframework.cache.ehcache.EhCacheManagerFactoryBean">  
        <property name="configLocation">  
            <value>classpath:ehcache.xml</value>  
        </property>  
        <!-- 由于hibernate也使用了Ehcache, 保证双方都使用同一个缓存管理器 -->  
        <property name="shared" value="true"/>  
    </bean>  

	<bean id="SpringCacheManager" class="org.springframework.cache.ehcache.EhCacheCacheManager" p:cache-manager-ref="ehcache"/>
	<cache:annotation-driven cache-manager="SpringCacheManager" />
	
</beans>