<?xml version="1.0" encoding="UTF-8"?>
<beans default-lazy-init="true"
	xmlns="http://www.springframework.org/schema/beans" xmlns:xsi="http://www.w3.org/2001/XMLSchema-instance"
	xmlns:context="http://www.springframework.org/schema/context" xmlns:tx="http://www.springframework.org/schema/tx"
	xmlns:task="http://www.springframework.org/schema/task" xmlns:aop="http://www.springframework.org/schema/aop"
	xmlns:mvc="http://www.springframework.org/schema/mvc"
	xsi:schemaLocation="http://www.springframework.org/schema/beans http://www.springframework.org/schema/beans/spring-beans-3.2.xsd 
            http://www.springframework.org/schema/context http://www.springframework.org/schema/context/spring-context-3.2.xsd
            http://www.springframework.org/schema/tx http://www.springframework.org/schema/tx/spring-tx-3.2.xsd
            http://www.springframework.org/schema/task http://www.springframework.org/schema/task/spring-task-3.2.xsd
            http://www.springframework.org/schema/aop http://www.springframework.org/schema/aop/spring-aop-3.2.xsd             
			http://www.springframework.org/schema/mvc 
			http://www.springframework.org/schema/mvc/spring-mvc-3.2.xsd 
            ">
	<!-- 系统发送邮件 -->	
	<bean id="sender" class="org.springframework.mail.javamail.JavaMailSenderImpl">
        <!-- 主机邮件服务器) -->
        <property name="host" value="${system.notice.email.server}"/>
        <!-- 邮箱名 -->
        <property name="username" value="${system.notice.account}"/>
        <!-- 独立密码 -->
        <property name="password" value="${system.notice.password}"/>
        <property name="javaMailProperties">    
           <props>    
               <!-- 开启身份认证 -->
               <prop key="mail.smtp.auth">true</prop>    
               <!-- 使用默认端口 -->
               <prop key="mail.smtp.starttls.enable">true</prop>   
               <!-- 设置超时 -->
               <prop key="mail.smtp.timeout">25000</prop>    
           </props>    
       </property> 
    </bean>
</beans>  