<?xml version="1.0" encoding="UTF-8"?>
<beans default-lazy-init="true"
	xmlns="http://www.springframework.org/schema/beans" xmlns:xsi="http://www.w3.org/2001/XMLSchema-instance"
	xmlns:context="http://www.springframework.org/schema/context" xmlns:tx="http://www.springframework.org/schema/tx"
	xmlns:task="http://www.springframework.org/schema/task" xmlns:aop="http://www.springframework.org/schema/aop"
	xmlns:mvc="http://www.springframework.org/schema/mvc"
	xsi:schemaLocation="http://www.springframework.org/schema/beans http://www.springframework.org/schema/beans/spring-beans-3.2.xsd 
            http://www.springframework.org/schema/context http://www.springframework.org/schema/context/spring-context-3.2.xsd
            http://www.springframework.org/schema/tx http://www.springframework.org/schema/tx/spring-tx-3.2.xsd
            http://www.springframework.org/schema/task http://www.springframework.org/schema/task/spring-task-3.2.xsd
            http://www.springframework.org/schema/aop http://www.springframework.org/schema/aop/spring-aop-3.2.xsd             
			http://www.springframework.org/schema/mvc 
			http://www.springframework.org/schema/mvc/spring-mvc-3.0.xsd 
            ">
	<context:component-scan base-package="com.kingschan.blog">
		<context:exclude-filter type="annotation" expression="org.springframework.stereotype.Controller" />
	</context:component-scan>
	<context:component-scan base-package="com.kingschan.blog.services">
		<context:include-filter type="annotation" expression="org.springframework.stereotype.Service" />
	</context:component-scan>
	<bean id="propertyConfigurer"
		class="org.springframework.beans.factory.config.PropertyPlaceholderConfigurer">
		<property name="locations">
			<list>
				<value>file:C://db.properties</value>
				<value>file:C://conf.properties</value>
			</list>
		</property>
		<property name="fileEncoding" value="utf-8" />
		<property name="ignoreUnresolvablePlaceholders" value="true" />
	</bean>

	<import resource="applicationContext-mvc.xml" />
	<import resource="applicationContext-db.xml" />
	<import resource="applicationContext-cache.xml" />
	<import resource="applicationContext-bean.xml" />
	<import resource="applicationContext-quartz.xml"/>
	
</beans>  